MOVIE_NAME,WRITER
Finding Dory,Andrew Stanton
Captain America:Civil War,Christopher Markus
Captain America:Civil War,Stephen McFeely
Deadpool,Rhett Reese
Deadpool,Paul Wernick
The Jungle Book (2016),Justin Marks
Batman v Superman:Dawn of Justice,David S. Goyer
Batman v Superman:Dawn of Justice,Chris Terrio
The Secret Life of Pets,Ken Daurio
The Secret Life of Pets,Cinco Paul
X-Men:Apocalypse,Simon Kinberg
Kung Fu Panda 3,Jonathan Aibel
Kung Fu Panda 3,Glenn Berger
The Conjuring 2,Carey Hayes
The Conjuring 2,Chad Hayes
The Conjuring 2,James Wan
The Conjuring 2,David Leslie Johnson
Alice Through the Looking Glass,Linda Woolverton
The Boss,Melissa McCarthy
Neighbors 2:Sorority Rising,Evan Goldberg
Neighbors 2:Sorority Rising,Brendan O'Brien
Neighbors 2:Sorority Rising,Seth Rogen
Neighbors 2:Sorority Rising,Nick Stoller
The Huntsman:Winter's War,Evan Spiliotopoulos
The Huntsman:Winter's War,Craig Mazin
Warcraft,Duncan Jones
Warcraft,Charles Leavitt
Ghostbusters (2016),Katie Dippold
Ghostbusters (2016),Paul Feig
Gods of Egypt,Matt Sazama
Gods of Egypt,Burk Sharpless
"Hail, Caesar!",Ethan Coen
"Hail, Caesar!",Joel Coen
Zoolander 2,Ben Stiller
Zoolander 2,Nick Stoller
Free State of Jones,Gary Ross
Love & Friendship,Whit Stillman
Fifty Shades of Black,Rick Alvarez
Fifty Shades of Black,Marlon Wayans
Pride and Prejudice and Zombies,Burr Steers
The Meddler,Lorene Scafaria
A Hologram for the King,Tom Tykwer
Midnight Special,Jeff Nichols
Everybody Wants Some!!,Richard Linklater
Green Room,Jeremy Saulnier
Our Kind of Traitor,Hossein Amini
I Saw the Light,Marc Abraham
Jane Got a Gun,Brian Duffield
Cafe Society,Woody Allen
The Invitation,Phil Hay
The Invitation,Matt Manfredi
Hillary's America:The Secret History of the Democratic Party,Dinesh D'Souza
Regression,Alejandro Amenabar
Mr. Right,Max Landis
River of Grass,Kelly Reichardt
Star Wars:The Force Awakens,J.J. Abrams
Star Wars:The Force Awakens,Michael Arndt
Star Wars:The Force Awakens,Lawrence Kasdan
Jurassic World,Derek Connolly
Jurassic World,Rick Jaffa
Jurassic World,Amanda Silver
Jurassic World,Colin Trevorrow
Avengers:Age of Ultron,Joss Whedon
Inside Out,Josh Cooley
Inside Out,Pete Docter
Inside Out,Meg LaFauve
Furious 7,Chris Morgan
Minions,Brian Lynch
The Hunger Games:Mockingjay - Part 2,Peter Craig
The Hunger Games:Mockingjay - Part 2,Danny Strong
The Martian,Drew Goddard
Cinderella (2015),Chris Weitz
Spectre,John Logan
Mission:Impossible - Rogue Nation,Christopher McQuarrie
Pitch Perfect 2,Kay Cannon
Ant-Man,Joe Cornish
Ant-Man,Adam McKay
Ant-Man,Paul Rudd
Ant-Man,Edgar Wright
Home (2015),Tom J. Astle
Home (2015),Matt Ember
Hotel Transylvania 2,Adam Sandler
Hotel Transylvania 2,Robert Smigel
Fifty Shades of Grey,Kelly Marcel
The SpongeBob Movie:Sponge Out of Water,Jonathan Aibel
The SpongeBob Movie:Sponge Out of Water,Glenn Berger
The SpongeBob Movie:Sponge Out of Water,Paul Tibbitt
San Andreas,Carlton Cuse
Mad Max:Fury Road,Nick Lathouris
Mad Max:Fury Road,Brendan McCarthy
Mad Max:Fury Road,George Miller
The Divergent Series:Insurgent,Mark Bomback
The Divergent Series:Insurgent,Brian Duffield
The Divergent Series:Insurgent,Akiva Goldsman
Kingsman:The Secret Service,Jane Goldman
Kingsman:The Secret Service,Matthew Vaughn
Spy,Paul Feig
Creed,Ryan Coogler
Tomorrowland,Brad Bird
Tomorrowland,Damon Lindelof
Get Hard,Etan Cohen
Terminator:Genisys,Laeta Kalogridis
Terminator:Genisys,Patrick Lussier
Taken 3,Luc Besson
Taken 3,Robert Mark Kamen
Maze Runner:The Scorch Trials,T.S. Nowlin
Ted 2,Seth MacFarlane
Ted 2,Alec Sulkin
Ted 2,Wellesley Wild
Pixels,Timothy Dowling
Pixels,Tim Herlihy
Paddington,Paul King
The Intern,Nancy Meyers
Bridge of Spies,Ethan Coen
Bridge of Spies,Joel Coen
Paul Blart:Mall Cop 2,Nick Bakay
Paul Blart:Mall Cop 2,Kevin James
The Big Short,Adam McKay
Magic Mike XXL,Reid Carolin
The Visit,M. Night Shyamalan
The Wedding Ringer,Jeremy Garelick
The Wedding Ringer,Jay Lavender
Black Mass,Jez Butterworth
Vacation,Jonathan M. Goldstein
Joy,David O. Russell
Fantastic Four,Simon Kinberg
The Hateful Eight,Quentin Tarantino
Focus (2015),Glenn Ficarra
Focus (2015),John Requa
Southpaw,Richard Wenk
Insidious Chapter 3,Leigh Whannell
Poltergeist (2015),David Lindsay-Abaire
Jupiter Ascending,Lilly & Lana Wachowski
The Man From U.N.C.L.E.,Guy Ritchie
Spotlight,Tom McCarthy
Spotlight,Josh Singer
Everest (2015),Simon Beaufoy
The Night Before,Evan Goldberg
The Night Before,Jonathan Levine
Krampus,Michael Dougherty
The Age of Adaline,J. Mills Goodloe
The Age of Adaline,Salvador Paskowitz
Brooklyn,Nick Hornby
The Boy Next Door,Barbara Curry
Hot Pursuit,David Feeney
Hot Pursuit,John Quaintance
Concussion (2015),Peter Landesman
The DUFF,Josh A. Cagan
Unfriended,Nelson Greaves
Paper Towns,Scott Neustadter
Paper Towns,Michael H. Weber
Chappie,Neill Blomkamp
Crimson Peak,Guillermo del Toro
No Escape,Drew Dowdle
No Escape,John Erick Dowdle
Ricki and the Flash,Diablo Cody
Run All Night,Brad Ingelsby
Ex Machina,Alex Garland
In the Heart of the Sea,Charles Leavitt
Project Almanac,Jason Pagan
Project Almanac,Andrew Stark
Black or White,Mike Binder
Aloha,Cameron Crowe
The Secret in their Eyes (2015),Billy Ray
Still Alice,Richard Glatzer
Still Alice,Wash Westmoreland
Steve Jobs,Aaron Sorkin
Seventh Son,Steven Knight
Seventh Son,Charles Leavitt
American Ultra,Max Landis
Burnt,Steven Knight
Strange Magic,George Lucas
Hot Tub Time Machine 2,Josh Heald
Far from the Madding Crowd,David Nicholls
The Gunman,Don Macpherson
The Gunman,Pete Travis
Blackhat,Morgan Davis Foehl
Blackhat,Michael Mann
Mortdecai,Eric Aronson
While We're Young,Noah Baumbach
Our Brand Is Crisis (2015),Peter Straughan
Grandma (2015),Paul Weitz
Little Boy,Alejandro Monteverde
Little Boy,Pepe Portillo
Victor Frankenstein,Max Landis
Danny Collins,Dan Fogelman
Irrational Man,Woody Allen
Anomalisa,Charlie Kaufman
Mistress America,Noah Baumbach
Mistress America,Greta Gerwig
Legend,Brian Helgeland
Child 44,Richard Price
Sleeping with Other People,Leslye Headland
Effie Gray,Emma Thompson
Good Kill,Andrew Niccol
The Young & Prodigious T.S. Spivet,Jean-Pierre Jeunet
Time Out of Mind,Oren Moverman
Digging for Fire,Jake Johnson
Digging for Fire,Joe Swanberg
Every Secret Thing,Nicole Holofcener
Shanghai,Hossein Amini
Breathe,Melanie Laurent
Metropolitan (2015 re-release),Whit Stillman
Area 51,Oren Peli
American Sniper,Jason Dean Hall
The Hunger Games:Mockingjay - Part 1,Peter Craig
The Hunger Games:Mockingjay - Part 1,Danny Strong
Guardians of the Galaxy,James Gunn
Guardians of the Galaxy,Nicole Perlman
Captain America:The Winter Soldier,Christopher Markus
Captain America:The Winter Soldier,Stephen McFeely
The LEGO Movie,Phil Lord
The LEGO Movie,Chris Miller (II)
The Hobbit:The Battle of the Five Armies,Philippa Boyens
The Hobbit:The Battle of the Five Armies,Guillermo del Toro
The Hobbit:The Battle of the Five Armies,Peter Jackson
The Hobbit:The Battle of the Five Armies,Fran Walsh
Transformers:Age of Extinction,Ehren Kruger
Maleficent,Linda Woolverton
X-Men:Days of Future Past,Simon Kinberg
Big Hero 6,Robert L. Baird
Big Hero 6,Daniel Gerson
Big Hero 6,Jordan Roberts
Dawn of the Planet of the Apes,Mark Bomback
Dawn of the Planet of the Apes,Rick Jaffa
Dawn of the Planet of the Apes,Amanda Silver
The Amazing Spider-Man 2,Alex Kurtzman
The Amazing Spider-Man 2,Roberto Orci
Godzilla (2014),Max Borenstein
22 Jump Street,Michael Bacall
22 Jump Street,Rodney Rothman
22 Jump Street,Oren Uziel
Teenage Mutant Ninja Turtles (2014),Josh Appelbaum
Teenage Mutant Ninja Turtles (2014),Evan Daugherty
Teenage Mutant Ninja Turtles (2014),Andre Nemec
Interstellar,Christopher Nolan
How to Train Your Dragon 2,Dean DeBlois
Gone Girl,Gillian Flynn
Divergent,Evan Daugherty
Divergent,Vanessa Taylor
Neighbors,Andrew J. Cohen
Neighbors,Brendan O'Brien
Ride Along,Greg Coolidge
Ride Along,Phil Hay
Ride Along,Matt Manfredi
Rio 2,Yoni Brenner
Rio 2,Carlos Saldanha
Into the Woods,James Lapine
Lucy,Luc Besson
The Fault in our Stars,Scott Neustadter
The Fault in our Stars,Michael H. Weber
Unbroken,Ethan Coen
Unbroken,Joel Coen
Unbroken,Richard LaGravenese
Unbroken,William Nicholson
Night at the Museum:Secret of the Tomb,David Guion
Night at the Museum:Secret of the Tomb,Michael Handelman
Mr. Peabody & Sherman,Craig Wright
300:Rise of An Empire,Kurt Johnstad
300:Rise of An Empire,Zack Snyder
The Maze Runner,Grant Pierce Myers
The Maze Runner,T.S. Nowlin
The Maze Runner,Noah Oppenheim
The Equalizer,Richard Wenk
Noah,Darren Aronofsky
Noah,Ari Handel
Edge of Tomorrow,Jez Butterworth
Edge of Tomorrow,John-Henry Butterworth
Edge of Tomorrow,Christopher McQuarrie
Non-Stop,Ryan Engle
Non-Stop,John W. Richardson
Non-Stop,Chris Roach
Heaven is for Real,Chris Parker
Heaven is for Real,Randall Wallace
The Imitation Game,Graham Moore
Dumb and Dumber To,Sean Anders
Annie (2014),Will Gluck
Annie (2014),Aline Brosh McKenna
Fury (2014),David Ayer
Tammy,Melissa McCarthy
Annabelle,Gary Dauberman
The Other Woman (2014),Melissa Stack
Let's Be Cops,Luke Greenfield
Let's Be Cops,Nicholas Thomas
The Monuments Men,George Clooney
The Monuments Men,Grant Heslov
Hercules (2014),Ryan Condal
Hercules (2014),Evan Spiliotopoulos
The Purge:Anarchy,James DeMonaco
"Alexander and the Terrible, Horrible, No Good, Very Bad Day",Rob Lieber
Think Like a Man Too,Keith Merryman
Think Like a Man Too,David A. Newman
Exodus:Gods and Kings,Jeffrey Caine
Exodus:Gods and Kings,Bill Collage
Exodus:Gods and Kings,Adam Cooper
Exodus:Gods and Kings,Steven Zaillian
The Nut Job,Lorne Cameron
Son of God,Christopher Spencer
The Grand Budapest Hotel,Wes Anderson
RoboCop (2014),Joshua Zetumer
Dracula Untold,Matt Sazama
Dracula Untold,Burk Sharpless
Horrible Bosses 2,Sean Anders
The Hundred-Foot Journey,Steven Knight
No Good Deed (2014),Aimee Lagos
Selma,Paul Webb
Muppets Most Wanted,Nick Stoller
Ouija,Juliet Snowden
Ouija,Stiles White
The Boxtrolls,Irena Brignull
The Boxtrolls,Adam Pava
Jack Ryan:Shadow Recruit,Adam Cozad
Jack Ryan:Shadow Recruit,David Koepp
If I Stay,Shauna Cross
The Book of Life (2014),Jorge R. Gutierrez
About Last Night (2014),Leslye Headland
Into The Storm,John Swetnam
The Judge,Bill Dubuque
The Judge,Nick Schenk
The Giver,Michael Mitnick
The Giver,Robert B. Weide
St. Vincent,Theodore Melfi
Need for Speed,George Gatins
Need for Speed,John Gatins
A Million Ways to Die in the West,Seth MacFarlane
A Million Ways to Die in the West,Alec Sulkin
A Million Ways to Die in the West,Wellesley Wild
John Wick,Derek Kolstad
The Expendables 3,Katrin Benedikt
The Expendables 3,Creighton Rothenberger
The Expendables 3,Sylvester Stallone
Earth to Echo,Henry Gayden
Sex Tape,Jason Segel
Sex Tape,Nick Stoller
Wild (2014),Nick Hornby
Million Dollar Arm,Tom McCarthy
The Theory of Everything,Anthony McCarten
This is Where I Leave You,Jonathan Tropper
The Gambler,William Monahan
Nightcrawler,Dan Gilroy
Chef,Jon Favreau
Get On Up,Jez Butterworth
Get On Up,John-Henry Butterworth
3 Days to Kill,Luc Besson
3 Days to Kill,Adi Hasak
Deliver Us From Evil,Paul Harris Boardman
Deliver Us From Evil,Scott Derrickson
When the Game Stands Tall,Scott Marshall Smith
Draft Day,Rajiv Joseph
Draft Day,Scott Rothman
Oculus,Mike Flanagan
Oculus,Jeff Howard
The Best of Me,Will Fetters
The Best of Me,J. Mills Goodloe
The Best of Me,Michael Hoffman
A Walk Among the Tombstones,Scott Frank
That Awkward Moment,Tom Gormican
Boyhood,Richard Linklater
Top Five,Chris Rock
Endless Love (2014),Shana Feste
Endless Love (2014),Joshua Safran
Transcendence,Jack Paglen
As Above/So Below,Drew Dowdle
As Above/So Below,John Erick Dowdle
Brick Mansions,Luc Besson
Brick Mansions,Bibi Naceri
"I, Frankenstein",Stuart Beattie
Addicted,Ernie Barbarash
Addicted,Christina Welsh
A Haunted House 2,Rick Alvarez
A Haunted House 2,Marlon Wayans
Tyler Perry's The Single Moms Club,Tyler Perry
Devil's Due,Lindsay Devlin
Step Up All In,John Swetnam
Beyond the Lights,Gina Prince-Bythewood
America (2014),Dinesh D'Souza
America (2014),John Sullivan
Frank Miller's Sin City:A Dame to Kill For,Frank Miller
Labor Day,Jason Reitman
Whiplash,Damien Chazelle
Winter's Tale,Akiva Goldsman
The Drop,Dennis Lehane
Magic in the Moonlight,Woody Allen
Sabotage (2014),David Ayer
Sabotage (2014),Skip Woods
Moms' Night Out,Jon Erwin
Moms' Night Out,Andrea Gyertson Nasfell
The Quiet Ones,Oren Moverman
The Quiet Ones,John Pogue
The Quiet Ones,Craig Rosenberg
Legends of Oz:Dorothy's Return,Adam Balsam
Legends of Oz:Dorothy's Return,Randi Barnes
Inherent Vice,Paul Thomas Anderson
Vampire Academy,Daniel Waters
Bad Words,Andrew Dodge
The Interview (2014),Dan Sterling
A Most Violent Year,J.C. Chandor
The Skeleton Twins,Mark Heyman
The Skeleton Twins,Craig Johnson
The Wind Rises,Hayao Miyazaki
Mr. Turner,Mike Leigh
Calvary,John Michael McDonagh
Wish I Was Here,Adam J. Braff
Wish I Was Here,Zach Braff
The Grand Seduction,Michael Dowse
Before I Go To Sleep,Rowan Joffe
Obvious Child,Gillian Robespierre
The Identical,Howard Klausner
The Good Lie,Magaret Nagle
The Raid 2,Gareth Evans
Kill the Messenger,Peter Landesman
The Homesman,Tommy Lee Jones
The Immigrant,James Gray
The Immigrant,Ric Menello
Only Lovers Left Alive,Jim Jarmusch
Tusk,Kevin Smith
Locke,Steven Knight
The Rover,David Michod
The Captive,Atom Egoyan
Laggies,Andrea Seigel
50 to 1,Jim Wilson
Third Person,Paul Haggis
"Men, Women & Children",Jason Reitman
The Disappearance of Eleanor Rigby,Ned Benson
The Two Faces of January,Hossein Amini
Joe (2014),Gary Hawkins
Jimi:All Is By My Side,John Ridley
The Guest (2014),Simon Barrett
Mood Indigo,Michel Gondry
The Last of Robin Hood,Richard Glatzer
The Last of Robin Hood,Wash Westmoreland
Night Moves,Kelly Reichardt
Listen Up Philip,Alex Ross Perry
Horns,Keith Bunin
One Chance,Justin Zackham
Walk of Shame,Steven Brill
Rudderless,William H. Macy
Blood Ties (2014),James Gray
Child of God,James Franco
White Bird in a Blizzard,Gregg Araki
Happy Christmas,Joe Swanberg
Grand Piano,Damien Chazelle
Mr. Pip,Andrew Adamson
The Hunger Games:Catching Fire,Michael Arndt
The Hunger Games:Catching Fire,Simon Beaufoy
Iron Man 3,Shane Black
Iron Man 3,Drew Pearce
Frozen,Jennifer Lee
Frozen,Shane Morris
Despicable Me 2,Ken Daurio
Despicable Me 2,Cinco Paul
Man of Steel,David S. Goyer
Man of Steel,Christopher Nolan
Gravity,Alfonso Cuaron
Gravity,Jonas Cuaron
Monsters University,Robert L. Baird
Monsters University,Daniel Gerson
Monsters University,Dan Scanlon
The Hobbit:The Desolation of Smaug,Philippa Boyens
The Hobbit:The Desolation of Smaug,Guillermo del Toro
The Hobbit:The Desolation of Smaug,Peter Jackson
The Hobbit:The Desolation of Smaug,Fran Walsh
Fast & Furious 6,Chris Morgan
Oz The Great and Powerful,Mitchell Kapner
Oz The Great and Powerful,David Lindsay-Abaire
Star Trek Into Darkness,Alex Kurtzman
Star Trek Into Darkness,Damon Lindelof
Star Trek Into Darkness,Roberto Orci
Thor:The Dark World,Christopher Markus
Thor:The Dark World,Stephen McFeely
Thor:The Dark World,Christopher Yost
World War Z,Matthew Michael Carnahan
World War Z,Drew Goddard
World War Z,Damon Lindelof
The Croods,Kirk De Micco
The Croods,Chris Sanders
The Heat,Katie Dippold
American Hustle,David O. Russell
American Hustle,Eric Warren Singer
The Great Gatsby (2013),Baz Luhrmann
The Conjuring,Carey Hayes
The Conjuring,Chad Hayes
Identity Thief,Craig Mazin
Grown Ups 2,Tim Herlihy
Grown Ups 2,Adam Sandler
Grown Ups 2,Fred Wolf
The Wolverine,Mark Bomback
The Wolverine,Scott Frank
Anchorman 2:The Legend Continues,Will Ferrell
Anchorman 2:The Legend Continues,Adam McKay
Lone Survivor,Peter Berg
G.I. Joe:Retaliation,Rhett Reese
G.I. Joe:Retaliation,Paul Wernick
Cloudy with a Chance of Meatballs 2,Jonathan M. Goldstein
Cloudy with a Chance of Meatballs 2,Erica Rivinoja
Now You See Me,Edward Ricourt
Now You See Me,Ed Solomon
Now You See Me,Boaz Yakin
Lee Daniels' The Butler,Danny Strong
The Hangover Part III,Craig Mazin
The Hangover Part III,Todd Phillips
Epic,Tom J. Astle
Epic,Matt Ember
Captain Phillips,Billy Ray
Jackass Presents:Bad Grandpa,Spike Jonze*
Jackass Presents:Bad Grandpa,Johnny Knoxville
Jackass Presents:Bad Grandpa,Jeff Tremaine
Pacific Rim,Travis Beachem
Pacific Rim,Guillermo del Toro
This is the End,Evan Goldberg
This is the End,Seth Rogen
Olympus Has Fallen,Katrin Benedikt
Olympus Has Fallen,Creighton Rothenberger
42,Brian Helgeland
Elysium,Neill Blomkamp
Planes,Jeffrey M. Howard
The Lone Ranger,Ted Elliott
The Lone Ranger,Justin Haythe
The Lone Ranger,Terry Rossio
Oblivion,Michael Arndt
Oblivion,Karl Gajdusek
Oblivion,Joseph Kosinski
Insidious Chapter 2,Leigh Whannell
Saving Mr. Banks,Kelly Marcel
Saving Mr. Banks,Sue Smith
Turbo,Darren Lemke
Turbo,Robert D. Siegel
Turbo,David Soren
2 Guns,Blake Masters
White House Down,James Vanderbilt
Mama,Neil Cross
Mama,Andres Muschietti
Mama,Barbara Muschietti
Safe Haven,Leslie Bohem
Safe Haven,Dana Stevens
The Smurfs 2,Karey Kirkpatrick
The Smurfs 2,David Ronn
The Smurfs 2,Jay Scherick
The Smurfs 2,J. David Stem
The Smurfs 2,David N. Weiss
The Best Man Holiday,Malcolm D. Lee
Percy Jackson:Sea of Monsters,Marc Guggenheim
A Good Day to Die Hard,Skip Woods
Warm Bodies,Jonathan Levine
Jack the Giant Slayer,Darren Lemke
Jack the Giant Slayer,Christopher McQuarrie
The Purge,James DeMonaco
Last Vegas,Dan Fogelman
Prisoners,Aaron Guzikowski
After Earth,M. Night Shyamalan
After Earth,Gary Whitta
The Secret Life of Walter Mitty,Steve Conrad
Escape From Planet Earth,Bob Barlen
Escape From Planet Earth,Cal Brunker
12 Years a Slave,John Ridley
Free Birds,Jimmy Hayward
Hansel and Gretel:Witch Hunters,Dante Harper
Hansel and Gretel:Witch Hunters,Tommy Wirkola
Evil Dead (2013),Fede Alvarez
Evil Dead (2013),Rodo Sayagues Mendez
Red 2,Erich Hoeber
Red 2,Jon Hoeber
Tyler Perry's A Madea Christmas,Tyler Perry
Tyler Perry's Temptation:Confessions of a Marriage Counselor,Tyler Perry
The Call,Richard D'Ovidio
Pain and Gain,Christopher Markus
Pain and Gain,Stephen McFeely
Gangster Squad,Will Beall
The Internship,Vince Vaughn
Snitch,Justin Haythe
Snitch,Ric Roman Waugh
Riddick,David Twohy
A Haunted House,Rick Alvarez
A Haunted House,Marlon Wayans
47 Ronin,Hossein Amini
47 Ronin,Chris Morgan
August:Osage County,Tracy Letts
Philomena,Steve Coogan
The Family (2013),Luc Besson
Walking with Dinosaurs,John Collee
Carrie (2013),Roberto Aguirre-Sacasa
R.I.P.D.,Phil Hay
R.I.P.D.,Matt Manfredi
Blue Jasmine,Woody Allen
Side Effects (2013),Scott Z. Burns
Scary Movie 5,David Zucker
The Mortal Instruments:City of Bones,Jessica Postigo
Delivery Man,Ken Scott
Grudge Match,Tim Kelleher
Grudge Match,Rodney Rothman
Kick-Ass 2,Jeff Wadlow
Rush (2013),Peter Morgan
The Host (2013),Andrew Niccol
The World's End,Simon Pegg
The World's End,Edgar Wright
21 and Over,Jon Lucas
21 and Over,Scott Moore
Her (2013),Spike Jonze
Escape Plan,Miles Chapman
Escape Plan,Jason Keller
Don Jon,Joseph Gordon-Levitt
The Incredible Burt Wonderstone,Jonathan M. Goldstein
The Big Wedding,Justin Zackham
Mud,Jeff Nichols
The Place Beyond the Pines,Derek Cianfrance
Homefront,Sylvester Stallone
Broken City,Brian Tucker
Beautiful Creatures (2013),Richard LaGravenese
Runner Runner,Brian Koppelman
Runner Runner,David Levien
You're Next,Simon Barrett
Admission,Karen Croner
Parker,John J. McLaughlin
Enough Said,Nicole Holofcener
Dark Skies,Scott Charles Stewart
Jobs,Matt Whiteley
Fruitvale Station,Ryan Coogler
The Last Exorcism Part II,Damien Chazelle
The Last Exorcism Part II,Ed Gass-Donnelly
Inside Llewyn Davis,Joel Coen
Inside Llewyn Davis,Ethan Coen
The Last Stand,Andrew Knauer
Out of the Furnace,Scott Cooper
Out of the Furnace,Brad Ingelsby
Dead Man Down,J.H. Wyman
Getaway (2013),Sean Finegan
Getaway (2013),Gregg Maxwell Parker
Bullet to the Head,Alessandro Camon
Battle of the Year,Brin Hill
Battle of the Year,Benson Lee
Battle of the Year,Chris Parker
Mandela:Long Walk to Freedom,William Nicholson
Before Midnight,Julie Delpy
Before Midnight,Ethan Hawke
Before Midnight,Richard Linklater
Machete Kills,Kyle Ward
Paranoia,Jason Dean Hall
Paranoia,Barry Levy
The Spectacular Now,Scott Neustadter
The Spectacular Now,Michael H. Weber
The Grandmaster,Wong Kar Wai
All Is Lost,J.C. Chandor
The Bling Ring,Sofia Coppola
Closed Circuit,Steven Knight
The Company You Keep,Lem Dobbs
Frances Ha,Noah Baumbach
Frances Ha,Greta Gerwig
The Fifth Estate,Josh Singer
In a World,Lake Bell
The East,Brit Marling
The East,Zal Batmanglij
Oldboy (2013),Mark Protosevich
Stories We Tell,Sarah Polley
I'm So Excited,Pedro Almodovar
The Invisible Woman,Abi Morgan
The Lords of Salem,Rob Zombie
Only God Forgives,Nicolas Winding Refn
Parkland,Peter Landesman
Drinking Buddies,Joe Swanberg
Starbuck (U.S. only),Ken Scott
Happy People:A Year in the Taiga,Werner Herzog
Prince Avalanche,David Gordon Green
Is the Man Who Is Tall Happy?,Michel Gondry
Aftershock,Eli Roth
A Glimpse Inside the Mind of Charles Swan III,Roman Coppola
The We and the I,Michel Gondry
Killing Season,Evan Daugherty
Redemption (2013),Steven Knight
Touchy Feely,Lynn Shelton
Maniac (2013),Gregory Levasseur
Violet & Daisy,Geoffrey Fletcher
As I Lay Dying,James Franco
Jayne Mansfield's Car,Billy Bob Thornton
Welcome to the Punch,Eran Creevy
Hell Baby,Thomas Lennon & Ben Garant
Some Velvet Morning,Neil LaBute
Plush,Catherine Hardwicke
Marvel's The Avengers,Zak Penn
Marvel's The Avengers,Joss Whedon
The Dark Knight Rises,David S. Goyer
The Dark Knight Rises,Christopher Nolan
The Hunger Games,Suzanne Collins
The Hunger Games,Billy Ray
The Hunger Games,Gary Ross
Skyfall,John Logan
Skyfall,Neal Purvis
Skyfall,Robert Wade
The Hobbit:An Unexpected Journey,Philippa Boyens
The Hobbit:An Unexpected Journey,Guillermo del Toro
The Hobbit:An Unexpected Journey,Peter Jackson
The Hobbit:An Unexpected Journey,Fran Walsh
The Twilight Saga:Breaking Dawn Part 2,Melissa Rosenberg
The Amazing Spider-Man,Steve Kloves
The Amazing Spider-Man,Alvin Sargent
The Amazing Spider-Man,James Vanderbilt
Brave,Mark Andrews
Brave,Brenda Chapman
Brave,Irene Mecchi
Brave,Steve Purcell
Ted,Seth MacFarlane
Ted,Alec Sulkin
Ted,Wellesley Wild
Madagascar 3:Europe's Most Wanted,Noah Baumbach
Madagascar 3:Europe's Most Wanted,Eric Darnell
Dr. Seuss' The Lorax,Ken Daurio
Dr. Seuss' The Lorax,Cinco Paul
Wreck-It Ralph,Phil Johnston
Wreck-It Ralph,Jennifer Lee
Lincoln,Tony Kushner
MIB 3,Etan Cohen
Django Unchained,Quentin Tarantino
Snow White and the Huntsman,Hossein Amini
Snow White and the Huntsman,Evan Daugherty
Snow White and the Huntsman,John Lee Hancock
Les Miserables (2012),William Nicholson
Hotel Transylvania,Peter Baynham
Hotel Transylvania,Robert Smigel
Taken 2,Luc Besson
Taken 2,Robert Mark Kamen
21 Jump Street,Michael Bacall
21 Jump Street,Jonah Hill
Argo,Chris Terrio
Silver Linings Playbook,David O. Russell
Prometheus,Damon Lindelof
Prometheus,Jon Spaihts
Safe House,David Guggenheim
The Vow,Abby Kohn
The Vow,Marc Silverstein
The Vow,Michael Sucsy
Life of Pi,David Magee
Magic Mike,Reid Carolin
The Bourne Legacy,Dan Gilroy
The Bourne Legacy,Tony Gilroy
Journey 2:The Mysterious Island,Brian Gunn
Journey 2:The Mysterious Island,Mark Gunn
Rise of the Guardians,David Lindsay-Abaire
Zero Dark Thirty,Mark Boal
Flight,John Gatins
Think Like a Man,Keith Merryman
Think Like a Man,David A. Newman
The Campaign,Shawn Harwell
The Campaign,Chris Henchy
The Expendables 2,Sylvester Stallone
The Expendables 2,Richard Wenk
Wrath of the Titans,Greg Berlanti
Wrath of the Titans,David Leslie Johnson
Wrath of the Titans,Dan Mazeau
Jack Reacher,Christopher McQuarrie
Dark Shadows,John August
Dark Shadows,Seth Grahame-Smith
Parental Guidance,Lisa Addario
Parental Guidance,Joe Syracuse
John Carter,Mark Andrews
John Carter,Michael Chabon
John Carter,Andrew Stanton
Act of Valor,Kurt Johnstad
This Is 40,Judd Apatow
Contraband,Aaron Guzikowski
Looper,Rian Johnson
Tyler Perry's Madea's Witness Protection,Tyler Perry
Battleship,Erich Hoeber
Battleship,Jon Hoeber
Pitch Perfect,Kay Cannon
Mirror Mirror,Jason Keller
Mirror Mirror,Melisa Wallack
Chronicle (2012),Max Landis
Chronicle (2012),Josh Trank
Hope Springs,Vanessa Taylor
Underworld Awakening,Allison Burnett
Underworld Awakening,Len Wiseman
The Lucky One,Will Fetters
The Dictator,Alec Berg
The Dictator,Sacha Baron Cohen
The Dictator,David Mandel
The Dictator,Jeff Schaffer
Total Recall (2012),Mark Bomback
Total Recall (2012),Kurt Wimmer
American Reunion,Jon Hurwitz
American Reunion,Hayden Schlossberg
This Means War,Timothy Dowling
This Means War,Simon Kinberg
Project X,Michael Bacall
Project X,Matt Drake
The Woman in Black,Jane Goldman
Paranormal Activity 4,Christopher B. Landon
The Devil Inside,William Brent Bell
The Devil Inside,Matthew Peterman
The Odd Life of Timothy Green,Peter Hedges
Ghost Rider:Spirit of Vengeance,Scott M. Gimple
Ghost Rider:Spirit of Vengeance,David S. Goyer
Ghost Rider:Spirit of Vengeance,Seth Hoffman
The Grey,Joe Carnahan
The Grey,Ian Mackenzie Jeffers
Red Tails,Aaron McGruder
Red Tails,John Ridley
The Possession,Juliet Snowden
The Possession,Stiles White
Sinister,C. Robert Cargill
Sinister,Scott Derrickson
Moonrise Kingdom,Wes Anderson
Moonrise Kingdom,Roman Coppola
Here Comes the Boom,Kevin James
Here Comes the Boom,Allan Loeb
Here Comes the Boom,Rock Reuben
The Three Stooges,Mike Cerrone
The Three Stooges,The Farrelly Bros.
Resident Evil:Retribution,Paul W.S. Anderson
The Cabin in the Woods,Drew Goddard
The Cabin in the Woods,Joss Whedon
What to Expect When You're Expecting,Shauna Cross
What to Expect When You're Expecting,Heather Hach
End of Watch,David Ayer
Rock of Ages,Chris D'Arienzo
Rock of Ages,Allan Loeb
Abraham Lincoln:Vampire Hunter,Seth Grahame-Smith
Abraham Lincoln:Vampire Hunter,Simon Kinberg
Lawless,Nick Cave
The Guilt Trip,Dan Fogelman
That's My Boy,David Caspe
Trouble with the Curve,Randy Brown
The Watch,Evan Goldberg
The Watch,Seth Rogen
Frankenweenie,John August
Frankenweenie,Tim Burton
Step Up Revolution,Jenny Mayer
Tyler Perry's Good Deeds,Tyler Perry
2016 Obama's America,Dinesh D'Souza
2016 Obama's America,John Sullivan
House at the End of The Street,David Loucka
The Pirates! Band of Misfits,Gideon Defoe
Joyful Noise,Todd Graff
Chimpanzee,Don Hahn
The Five-Year Engagement,Jason Segel
The Five-Year Engagement,Nick Stoller
Cloud Atlas,Tom Tykwer
Cloud Atlas,Lilly & Lana Wachowski
One For the Money,Liz Brixius
One For the Money,Karen Ray
One For the Money,Stacy Sherman
Alex Cross,Marc Moss
Alex Cross,Kerry Williamson
Sparkle (2012),Mara Brock Akil
Premium Rush,David Koepp
Big Miracle,Jack Amiel
Big Miracle,Michael Begler
The Secret World of Arrietty,Hayao Miyazaki
Haywire,Lem Dobbs
Man on a Ledge,Pablo F. Fenjves
A Thousand Words,Steve Koren
Chernobyl Diaries,Oren Peli
The Perks of Being a Wallflower,Stephen Chbosky
Silent Hill:Revelation 3D,Michael J. Bassett
Wanderlust,David Wain
Safe (2012),Boaz Yakin
To Rome with Love,Woody Allen
The Master,Paul Thomas Anderson
The Raven,Ben Livingston
The Raven,Hannah Shakespeare
The Man with the Iron Fists,Eli Roth
Killing Them Softly,Andrew Dominik
Lockout,Luc Besson
Dredd,Alex Garland
Playing for Keeps,Robbie Fox
Beasts of the Southern Wild,Lucy Alibar
Beasts of the Southern Wild,Benh Zeitlin
Silent House,Laura Lau
Cirque Du Soleil:Worlds Away,Andrew Adamson
People Like Us,Alex Kurtzman
People Like Us,Jody Lambert
People Like Us,Roberto Orci
Gone,Allison Burnett
The Words,Brian Klugman
The Words,Lee Sternthal
Fun Size,Max Werner
Bernie,Richard Linklater
Salmon Fishing in the Yemen,Simon Beaufoy
Arbitrage,Nicholas Jarecki
Promised Land (2012),Matt Damon
Promised Land (2012),John Krasinski
Seeking a Friend for the End of the World,Lorene Scafaria
The Collection,Marcus Dunstan
The Collection,Patrick Melton
Amour,Michael Haneke
Hitchcock,John J. McLaughlin
Chasing Mavericks,Kario Salem
Won't Back Down,Daniel Barnz
Won't Back Down,Brin Hill
The Apparition,Todd Lincoln
"Jeff, Who Lives at Home",Jay Duplass
"Jeff, Who Lives at Home",Mark Duplass
Goon,Jay Baruchel
Goon,Evan Goldberg
The Raid:Redemption,Gareth Evans
Safety Not Guaranteed,Derek Connolly
Celeste and Jesse Forever,Rashida Jones
Albert Nobbs,Glenn Close
Ruby Sparks,Zoe Kazan
Monsieur Lazhar (U.S.-only),Philippe Falardeau
Footnote,Joseph Cedar
Killer Joe,Tracy Letts
Your Sister's Sister,Lynn Shelton
Damsels in Distress,Whit Stillman
Rampart,Oren Moverman
Darling Companion,Lawrence Kasdan
Coriolanus,John Logan
The Paperboy,Lee Daniels
2 Days in New York,Julie Delpy
Not Fade Away,David Chase
W.E.,Madonna
Bachelorette,Leslye Headland
Sound of My Voice,Zal Batmanglij
Sound of My Voice,Brit Marling
Smashed,James Ponsoldt
Piranha 3DD,Marcus Dunstan
Piranha 3DD,Patrick Melton
Red Hook Summer,Spike Lee
Liberal Arts,Josh Radnor
Stolen (2012),David Guggenheim
Middle of Nowhere (2012),Ava DuVernay
10 Years,Jamie Linden
Battlefield America,Chris Stokes
Dark Horse,Todd Solondz
God Bless America,Bobcat Goldthwait
The Magic of Belle Isle,Rob Reiner
360,Peter Morgan
The Details,Jacob Aaron Estes
Red Lights (2012),Rodrigo Cortes
Comic-Con Episode IV:A Fan's Hope,Morgan Spurlock
Comic-Con Episode IV:A Fan's Hope,Joss Whedon
The Color Wheel,Alex Ross Perry
Virginia,Dustin Lance Black
The Do-Deca-Pentathlon,Jay Duplass
The Do-Deca-Pentathlon,Mark Duplass
Roadie (2012),Michael Cuesta
Bringing Up Bobby,Famke Janssen
Tomorrow When the War Began,Stuart Beattie
Vamps,Amy Heckerling
Death of a Superhero,Anthony McCarten
Apartment 143,Rodrigo Cortes
Harry Potter and the Deathly Hallows Part 2,Steve Kloves
Transformers:Dark of the Moon,Ehren Kruger
The Twilight Saga:Breaking Dawn Part 1,Melissa Rosenberg
The Hangover Part II,Craig Mazin
The Hangover Part II,Todd Phillips
Pirates of the Caribbean:On Stranger Tides,Ted Elliott
Pirates of the Caribbean:On Stranger Tides,Terry Rossio
Fast Five,Chris Morgan
Mission:Impossible - Ghost Protocol,Josh Appelbaum
Mission:Impossible - Ghost Protocol,Andre Nemec
Cars 2,Dan Fogelman
Cars 2,John Lasseter
Sherlock Holmes:A Game of Shadows,Kieran Mulroney
Sherlock Holmes:A Game of Shadows,Michele Mulroney
Thor,Ashley Miller
Thor,Don Payne
Thor,Zack Stentz
Rise of the Planet of the Apes,Rick Jaffa
Rise of the Planet of the Apes,Amanda Silver
Captain America:The First Avenger,Christopher Markus
Captain America:The First Avenger,Stephen McFeely
The Help,Tate Taylor
Bridesmaids,Kristen Wiig
Kung Fu Panda 2,Jonathan Aibel
Kung Fu Panda 2,Glenn Berger
Puss in Boots,David H. Steinberg
Puss in Boots,Tom Wheeler
Puss in Boots,Jon Zack
X-Men:First Class,Jane Goldman
X-Men:First Class,Ashley Miller
X-Men:First Class,Bryan Singer
X-Men:First Class,Zack Stentz
X-Men:First Class,Matthew Vaughn
Rio,Sam Harper
Rio,Don Rhymer
Rio,Carlos Saldanha
Rio,Joshua Sternin
Rio,Jeffrey Ventimilia
The Smurfs,J. David Stem
The Smurfs,David N. Weiss
Alvin and the Chipmunks:Chipwrecked,Jonathan Aibel
Alvin and the Chipmunks:Chipwrecked,Glenn Berger
Super 8,J.J. Abrams
Rango,John Logan
Rango,Gore Verbinski
Horrible Bosses,Jonathan M. Goldstein
Horrible Bosses,Michael Markowitz
Green Lantern,Greg Berlanti
Green Lantern,Marc Guggenheim
Hop,Ken Daurio
Hop,Brian Lynch
Hop,Cinco Paul
Paranormal Activity 3,Christopher B. Landon
Just Go With It,Timothy Dowling
Just Go With It,Allan Loeb
The Girl with the Dragon Tattoo (2011),Steven Zaillian
Cowboys & Aliens,Mark Fergus
Cowboys & Aliens,Alex Kurtzman
Cowboys & Aliens,Damon Lindelof
Cowboys & Aliens,Roberto Orci
Cowboys & Aliens,Hawk Ostby
The Green Hornet,Evan Goldberg
The Green Hornet,Seth Rogen
The Muppets,Jason Segel
The Muppets,Nick Stoller
Real Steel,John Gatins
Real Steel,Dan Gilroy
"Crazy, Stupid, Love.",Dan Fogelman
Battle:Los Angeles,Christopher Bertolini
The Descendants,Alexander Payne
Zookeeper,Nick Bakay
Zookeeper,Kevin James
Zookeeper,Rock Reuben
Zookeeper,David Ronn
Zookeeper,Jay Scherick
Limitless,Leslie Dixon
Tower Heist,Ted Griffin
Tower Heist,Jeff Nathanson
The Adventures of Tintin,Joe Cornish
The Adventures of Tintin,Steven Moffat
The Adventures of Tintin,Edgar Wright
Contagion,Scott Z. Burns
We Bought a Zoo,Cameron Crowe
We Bought a Zoo,Aline Brosh McKenna
Moneyball,Aaron Sorkin
Moneyball,Steven Zaillian
Jack and Jill,Steve Koren
Hugo,John Logan
Dolphin Tale,Noam Dromi
Dolphin Tale,Karen Janszen
No Strings Attached,Elizabeth Meriwether
Mr. Popper's Penguins,Sean Anders
Happy Feet Two,George Miller
The Adjustment Bureau,George Nolfi
Water for Elephants,Richard LaGravenese
The Lincoln Lawyer,John Romano
Midnight in Paris,Woody Allen
Friends with Benefits,Will Gluck
Friends with Benefits,Keith Merryman
Friends with Benefits,David A. Newman
I Am Number Four,Alfred Gough & Miles Millar
I Am Number Four,Marti Noxon
Source Code,Ben Ripley
New Year's Eve,Katherine Fugate
Insidious,Leigh Whannell
Tyler Perry's Madea's Big Happy Family,Tyler Perry
Footloose (2011),Craig Brewer
The Dilemma,Allan Loeb
Arthur Christmas,Peter Baynham
Arthur Christmas,Sarah Smith
Hall Pass,The Farrelly Bros.
The Artist,Michel Hazanavicius
Soul Surfer,Sean McNamara
Final Destination 5,Eric Heisserer
The Ides of March,George Clooney
The Ides of March,Grant Heslov
Something Borrowed,Jennie Snyder
Spy Kids:All the Time in the World,Robert Rodriguez
Scream 4,Kevin Williamson
"Big Mommas:Like Father, Like Son",Matthew Fogel
"Big Mommas:Like Father, Like Son",Don Rhymer
Red Riding Hood,David Leslie Johnson
In Time,Andrew Niccol
Paul,Nick Frost
Paul,Simon Pegg
J. Edgar,Dustin Lance Black
The Roommate,Sonny Mallhi
Jumping the Broom,Arlene Gibbs
Jumping the Broom,Elizabeth Hunter
The Change-Up,Jon Lucas
The Change-Up,Scott Moore
30 Minutes or Less,Michael Diliberti
Colombiana,Luc Besson
Colombiana,Robert Mark Kamen
Sucker Punch,Zack Snyder
Larry Crowne,Tom Hanks
Larry Crowne,Nia Vardalos
A Very Harold & Kumar 3D Christmas,Jon Hurwitz
A Very Harold & Kumar 3D Christmas,Hayden Schlossberg
Drive (2011),Hossein Amini
50/50,Will Reiser
Courageous,Alex Kendrick
Courageous,Stephen Kendrick
Arthur (2011),Peter Baynham
Extremely Loud & Incredibly Close,Eric Roth
The Debt,Jane Goldman
The Debt,Peter Straughan
The Debt,Matthew Vaughn
The Sitter,Brian Gatewood
The Sitter,Alessandro Tanaka
The Iron Lady,Abi Morgan
Priest,Cory Goodman
The Mechanic,Richard Wenk
Beastly,Daniel Barnz
Killer Elite,Gary McKendry
Killer Elite,Matt Sherring
Season of the Witch,Bragi Schut
"Tinker, Tailor, Soldier, Spy",Bridget O'Connor
"Tinker, Tailor, Soldier, Spy",Peter Straughan
Don't Be Afraid of the Dark,Guillermo del Toro
Monte Carlo,Thomas Bezucha
Monte Carlo,April Blair
Monte Carlo,Maria Maggenti
Your Highness,Ben Best
Your Highness,Danny McBride
The Darkest Hour,Leslie Bohem
The Darkest Hour,Jon Spaihts
Mars Needs Moms,Simon Wells
Dream House,David Loucka
Conan the Barbarian (2011),Thomas Dean Donnelly
Conan the Barbarian (2011),Sean Hood
Conan the Barbarian (2011),Joshua Oppenheimer
The Three Musketeers (2011),Andrew Davies
The Three Musketeers (2011),Alex Litvak
The Eagle,Jeremy Brock
Shark Night 3D,Will Hayes
Shark Night 3D,Jesse Studenberg
Fright Night (2011),Marti Noxon
Apollo 18,Cory Goodman
The Thing (2011),Eric Heisserer
Young Adult,Diablo Cody
What's Your Number?,Gabrielle Allan
What's Your Number?,Jennifer Crittenden
One Day,David Nicholls
Warrior,Cliff Dorfman
Warrior,Gavin O'Connor
Warrior,Anthony Tambakis
Drive Angry,Todd Farmer
Drive Angry,Patrick Lussier
Straw Dogs (2011),Rod Lurie
Win Win,Tom McCarthy
I Don't Know How She Does It,Aline Brosh McKenna
Kevin Hart:Laugh at My Pain,Kevin Hart
Cedar Rapids,Phil Johnston
Beginners,Mike Mills
A Dangerous Method,Christopher Hampton
The Guard,John Michael McDonagh
Margin Call,J.C. Chandor
Cave of Forgotten Dreams,Werner Herzog
Anonymous,John Orloff
The Company Men,John Wells
Shame,Steve McQueen (II)
Shame,Abi Morgan
The Skin I Live In,Pedro Almodovar
Carnage (2011),Roman Polanski
Carnage (2011),Yasmina Reza
Bucky Larson:Born to Be a Star,Adam Sandler
Bucky Larson:Born to Be a Star,Nick Swardson
The Grace Card,Howard Klausner
Incendies (U.S. only),Denis Villeneuve
We Need to Talk About Kevin,Rory Kinnear
We Need to Talk About Kevin,Lynne Ramsay
Take Shelter,Jeff Nichols
Another Earth,Mike Cahill
Another Earth,Brit Marling
Dylan Dog:Dead of Night,Thomas Dean Donnelly
Dylan Dog:Dead of Night,Joshua Oppenheimer
Red State,Kevin Smith
Attack the Block,Joe Cornish
Terri,Azazel Jacobs
POM Wonderful Presents:The Greatest Movie Ever Sold,Morgan Spurlock
The Future,Miranda July
Machine Gun Preacher,Jason Keller
Hesher,David Michod
Hesher,Spencer Susser
Super,James Gunn
In the Land of Blood and Honey,Angelina Jolie
Brighton Rock,Rowan Joffe
HappyThankYouMorePlease,Josh Radnor
October Baby,Jon Erwin
I Will Follow,Ava DuVernay
Kaboom,Gregg Araki
Henry's Crime,Sacha Gervasi
Elite Squad:The Enemy Within,Jose Padilha
Margaret,Kenneth Lonergan
11-11-11,Darren Lynn Bousman
Small Town Murder Songs,Ed Gass-Donnelly
White Irish Drinkers,John Gray
The Last Ride,Howard Klausner
Waiting for Forever,Steve Adams
The Other Woman,Don Roos
Trespass (2011),Karl Gajdusek
London Boulevard,William Monahan
Anchor Baby,Lonzo Nzekwe
I'm Not Jesus Mommy,Joseph Schneider
Flypaper,Jon Lucas
Flypaper,Scott Moore
Toy Story 3,Michael Arndt
Toy Story 3,John Lasseter
Toy Story 3,Andrew Stanton
Toy Story 3,Lee Unkrich
Alice in Wonderland (2010),Linda Woolverton
The Twilight Saga:Eclipse,Melissa Rosenberg
Harry Potter and the Deathly Hallows Part 1,Steve Kloves
Inception,Christopher Nolan
Despicable Me,Ken Daurio
Despicable Me,Cinco Paul
Shrek Forever After,Darren Lemke
How to Train Your Dragon,Dean DeBlois
How to Train Your Dragon,Chris Sanders
Tangled,Dan Fogelman
Tron Legacy,Adam Horowitz
Tron Legacy,Edward Kitsis
Tron Legacy,Brian Klugman
Tron Legacy,Steven Lisberger
Tron Legacy,Lee Sternthal
True Grit,Ethan Coen
True Grit,Joel Coen
Clash of the Titans (2010),Travis Beachem
Clash of the Titans (2010),Phil Hay
Clash of the Titans (2010),Matt Manfredi
Grown Ups,Adam Sandler
Grown Ups,Fred Wolf
The King's Speech,David Seidler
The Last Airbender,M. Night Shyamalan
Shutter Island,Laeta Kalogridis
The Other Guys,Chris Henchy
The Other Guys,Adam McKay
Salt,Brian Helgeland
Salt,Kurt Wimmer
Valentine's Day,Katherine Fugate
Valentine's Day,Abby Kohn
Valentine's Day,Marc Silverstein
Black Swan,Mark Heyman
Black Swan,John J. McLaughlin
Robin Hood,Brian Helgeland
The Chronicles of Narnia:The Voyage of the Dawn Treader,Christopher Markus
The Chronicles of Narnia:The Voyage of the Dawn Treader,Stephen McFeely
The Expendables,Sylvester Stallone
Due Date,Todd Phillips
Yogi Bear,Joshua Sternin
Yogi Bear,Jeffrey Ventimilia
The Social Network,Aaron Sorkin
Sex and the City 2,Michael Patrick King
The Book of Eli,Gary Whitta
The Town,Ben Affleck
The Town,Peter Craig
Prince of Persia:The Sands of Time,Carlo Bernard
Prince of Persia:The Sands of Time,Doug Miro
Prince of Persia:The Sands of Time,Boaz Yakin
Red,Erich Hoeber
Red,Jon Hoeber
Paranormal Activity 2,Christopher B. Landon
Unstoppable,Mark Bomback
Eat Pray Love,Ryan Murphy
Dear John,Jamie Linden
The A-Team,Skip Woods
Dinner for Schmucks,David Guion
Dinner for Schmucks,Michael Handelman
The Tourist,Christopher McQuarrie
The Sorcerer's Apprentice,Carlo Bernard
The Sorcerer's Apprentice,Doug Miro
A Nightmare on Elm Street (2010),Eric Heisserer
The Wolfman,Andrew Kevin Walker
Get Him to the Greek,Nick Stoller
Resident Evil:Afterlife,Paul W.S. Anderson
Tyler Perry's Why Did I Get Married Too?,Tyler Perry
Tooth Fairy,Randi Mayem Singer
Tooth Fairy,Joshua Sternin
Tooth Fairy,Jeffrey Ventimilia
Takers,John Luessenhop
Legend of the Guardians:The Owls of Ga'Hoole,John Orloff
Wall Street:Money Never Sleeps,Allan Loeb
Predators,Alex Litvak
Hot Tub Time Machine,Sean Anders
Hot Tub Time Machine,Josh Heald
Kick-Ass,Jane Goldman
Kick-Ass,Matthew Vaughn
Killers,Ted Griffin
Saw 3D,Marcus Dunstan
Saw 3D,Patrick Melton
Cats & Dogs:The Revenge of Kitty Galore,Ron Bencich
Cats & Dogs:The Revenge of Kitty Galore,Ron J. Friedman
Edge of Darkness,William Monahan
Gulliver's Travels,Nick Stoller
Legion (2010),Scott Charles Stewart
Burlesque,Steven Antin
For Colored Girls,Tyler Perry
Vampires Suck,Jason Friedberg
Vampires Suck,Aaron Seltzer
The American,Rowan Joffe
Green Zone,Brian Helgeland
Devil,M. Night Shyamalan
Hereafter,Peter Morgan
She's Out of My League,Sean Anders
Scott Pilgrim vs. the World,Michael Bacall
Scott Pilgrim vs. the World,Edgar Wright
Morning Glory,Aline Brosh McKenna
How Do You Know,James L. Brooks
Nanny McPhee Returns,Emma Thompson
The Switch,Allan Loeb
Machete,Robert Rodriguez
Lottery Ticket,Erik White
Lottery Ticket,Abdul Williams
From Paris with Love,Adi Hasak
The Next Three Days,Paul Haggis
The Kids Are All Right,Stuart Blumberg
The Kids Are All Right,Lisa Cholodenko
Country Strong,Shana Feste
Remember Me,Will Fetters
127 Hours,Simon Beaufoy
127 Hours,Danny Boyle
Going the Distance,Geoff LaTulippe
Splice,Vincenzo Natali
The Ghost Writer,Roman Polanski
My Soul to Take,Wes Craven
Let Me In,Matt Reeves
Jonah Hex,Mark Neveldine
Jonah Hex,Brian Taylor
Blue Valentine,Derek Cianfrance
Fair Game (2010),Jez Butterworth
Fair Game (2010),John-Henry Butterworth
MacGruber,Will Forte
MacGruber,Jorma Taccone
Cyrus,Jay Duplass
Cyrus,Mark Duplass
Winter's Bone,Debra Granik
"Waiting for""Superman""",Davis Guggenheim
It's Kind of a Funny Story,Anna Boden
It's Kind of a Funny Story,Ryan Fleck
The Warrior's Way,Sngmoo Lee
Solitary Man,Brian Koppelman
Greenberg,Noah Baumbach
Please Give,Nicole Holofcener
You Will Meet a Tall Dark Stranger,Woody Allen
Another Year,Mike Leigh
Never Let Me Go,Alex Garland
The Illusionist (2010),Sylvain Chomet
Rabbit Hole,David Lindsay-Abaire
"I Love You, Phillip Morris",Glenn Ficarra
"I Love You, Phillip Morris",John Requa
Somewhere,Sofia Coppola
Micmacs,Jean-Pierre Jeunet
Animal Kingdom,David Michod
What If...,Andrea Gyertson Nasfell
Middle Men,George Gallo
Agora,Alejandro Amenabar
Ondine,Neil Jordan
Life During Wartime,Todd Solondz
The Tempest,Julie Taymor
Monsters,Gareth Edwards
The Killer Inside Me,John Curran
"The Good, the Bad, the Weird",Jee-woon Kim
The Greatest (2010),Shana Feste
OSS 117:Lost in Rio,Michel Hazanavicius
Tales from Earthsea,Goro Miyazaki
District B13:Ultimatum,Luc Besson
Guy and Madeline on a Park Bench,Damien Chazelle
Valhalla Rising,Nicolas Winding Refn
Paper Man,Kieran Mulroney
Paper Man,Michele Mulroney
The Dry Land,Ryan Piers Williams
The Thorn in the Heart,Michel Gondry
The Thorn in the Heart,Stephen McFeely
