MOVIE_NAME,DIRECTOR
Finding Dory,Andrew Stanton
Captain America:Civil War,Anthony Russo
Captain America:Civil War,Joe Russo
The Jungle Book (2016),Jon Favreau
Zootopia,Rich Moore
Batman v Superman:Dawn of Justice,Zack Snyder
The Secret Life of Pets,Chris Renaud
X-Men:Apocalypse,Bryan Singer
Kung Fu Panda 3,Jennifer Yuh Nelson
Central Intelligence,Rawson Marshall Thurber
The Legend of Tarzan,David Yates
The Conjuring 2,James Wan
Independence Day:Resurgence,Roland Emmerich
Ride Along 2,Tim Story
Teenage Mutant Ninja Turtles:Out of the Shadows,Dave Green
The Divergent Series:Allegiant,Robert Schwentke
Now You See Me 2,Jon Chu
My Big Fat Greek Wedding 2,Kirk Jones
Neighbors 2:Sorority Rising,Nick Stoller
Barbershop:The Next Cut,Malcolm D. Lee
13 Hours:The Secret Soldiers of Benghazi,Michael Bay
The Shallows,Jaume Collet-Serra
The BFG,Steven Spielberg
Warcraft,Duncan Jones
Ghostbusters (2016),Paul Feig
Money Monster,Jodie Foster
Risen,Kevin Reynolds
The Nice Guys,Shane Black
The Boy (2016),William Brent Bell
Mother's Day,Garry Marshall
Gods of Egypt,Alex Proyas
"Hail, Caesar!",Ethan Coen
"Hail, Caesar!",Joel Coen
Zoolander 2,Ben Stiller
The Finest Hours,Craig Gillespie
Whiskey Tango Foxtrot,Glenn Ficarra
Whiskey Tango Foxtrot,John Requa
Free State of Jones,Gary Ross
Race (2016),Stephen Hopkins
The Choice,Ross Katz
Love & Friendship,Whit Stillman
Triple 9,John Hillcoat
Fifty Shades of Black,Michael Tiddes
Pride and Prejudice and Zombies,Burr Steers
The Perfect Match,Bille Woodruff
Popstar:Never Stop Never Stopping,Akiva Schaffer
Popstar:Never Stop Never Stopping,Jorma Taccone
The Brothers Grimsby,Louis Leterrier
The Infiltrator,Brad Furman
The Meddler,Lorene Scafaria
A Hologram for the King,Tom Tykwer
Where to Invade Next,Michael Moore
Midnight Special,Jeff Nichols
Everybody Wants Some!!,Richard Linklater
Green Room,Jeremy Saulnier
Our Kind of Traitor,Susanna White
Miles Ahead,Don Cheadle
Demolition,Jean-Marc Vallee
I Saw the Light,Marc Abraham
Jane Got a Gun,Gavin O'Connor
Hunt for the Wilderpeople,Taika Waititi
The Neon Demon,Nicolas Winding Refn
Papa:Hemingway in Cuba,Bob Yari
Remember (US Release),Atom Egoyan
Wiener-Dog,Todd Solondz
Cafe Society,Woody Allen
The Family Fang,Jason Bateman
Dheepan,Jacques Audiard
De Palma,Noah Baumbach
Hillary's America:The Secret History of the Democratic Party,Dinesh D'Souza
Regression,Alejandro Amenabar
"Rio, I Love You",Guillermo Arriaga
"Rio, I Love You",Jose Padilha
"Rio, I Love You",Carlos Saldanha
Being Charlie,Rob Reiner
Time to Choose,Charles Ferguson
Lolo,Julie Delpy
River of Grass,Kelly Reichardt
Mojave,William Monahan
Star Wars:The Force Awakens,J.J. Abrams
Jurassic World,Colin Trevorrow
Avengers:Age of Ultron,Joss Whedon
Inside Out,Pete Docter
Furious 7,James Wan
Minions,Pierre Coffin
The Hunger Games:Mockingjay - Part 2,Francis Lawrence
The Martian,Ridley Scott
Cinderella (2015),Kenneth Branagh
Spectre,Sam Mendes
Mission:Impossible - Rogue Nation,Christopher McQuarrie
Pitch Perfect 2,Elizabeth Banks
Ant-Man,Peyton Reed
Home (2015),Tim Johnson
The SpongeBob Movie:Sponge Out of Water,Mike Mitchell
The SpongeBob Movie:Sponge Out of Water,Paul Tibbitt
Straight Outta Compton,F. Gary Gray
San Andreas,Brad Peyton
Mad Max:Fury Road,George Miller
Daddy's Home,Sean Anders
The Divergent Series:Insurgent,Robert Schwentke
Kingsman:The Secret Service,Matthew Vaughn
Spy,Paul Feig
Trainwreck,Judd Apatow
Creed,Ryan Coogler
Tomorrowland,Brad Bird
Get Hard,Etan Cohen
Terminator:Genisys,Alan Taylor
Taken 3,Olivier Megaton
Sisters,Jason Moore
Maze Runner:The Scorch Trials,Wes Ball
Ted 2,Seth MacFarlane
Goosebumps,Rob Letterman
Pixels,Chris Columbus
Paddington,Paul King
The Intern,Nancy Meyers
Bridge of Spies,Steven Spielberg
Paul Blart:Mall Cop 2,Andy Fickman
The Big Short,Adam McKay
War Room,Alex Kendrick
Magic Mike XXL,Gregory Jacobs
The Visit,M. Night Shyamalan
The Wedding Ringer,Jeremy Garelick
Black Mass,Scott Cooper
Vacation,Jonathan M. Goldstein
Joy,David O. Russell
Fantastic Four,Josh Trank
The Hateful Eight,Quentin Tarantino
Focus (2015),Glenn Ficarra
Focus (2015),John Requa
Southpaw,Antoine Fuqua
Insidious Chapter 3,Leigh Whannell
Poltergeist (2015),Gil Kenan
Jupiter Ascending,Lilly & Lana Wachowski
Sicario,Denis Villeneuve
The Man From U.N.C.L.E.,Guy Ritchie
Spotlight,Tom McCarthy
"McFarland, USA",Niki Caro
Everest (2015),Baltasar Kormakur
The Night Before,Jonathan Levine
Krampus,Michael Dougherty
Max (2015),Boaz Yakin
Brooklyn,John Crowley
The Longest Ride,"George Tillman, Jr."
The Boy Next Door,Rob Cohen
Pan,Joe Wright
Hot Pursuit,Anne Fletcher
Concussion (2015),Peter Landesman
The DUFF,Ari Sandel
The Second Best Exotic Marigold Hotel,John Madden
Paper Towns,Jake Schreier
Chappie,Neill Blomkamp
Crimson Peak,Guillermo del Toro
No Escape,John Erick Dowdle
Ricki and the Flash,Jonathan Demme
Run All Night,Jaume Collet-Serra
The Lazarus Effect,David Gelb
Ex Machina,Alex Garland
In the Heart of the Sea,Ron Howard
Project Almanac,Dean Israelite
Black or White,Mike Binder
Aloha,Cameron Crowe
The Secret in their Eyes (2015),Billy Ray
Still Alice,Richard Glatzer
Still Alice,Wash Westmoreland
Steve Jobs,Danny Boyle
Mr. Holmes,Bill Condon
The Transporter Refueled,Camille Delamarre
American Ultra,Nima Nourizadeh
Woodlawn,Andrew Erwin
Woodlawn,Jon Erwin
Burnt,John Wells
Hot Tub Time Machine 2,Steve Pink
Self/Less,Tarsem
The Danish Girl,Tom Hooper
The Gunman,Pierre Morel
Unfinished Business,Ken Scott
The Walk,Robert Zemeckis
Blackhat,Michael Mann
Trumbo (2015),Jay Roach
Mortdecai,David Koepp
While We're Young,Noah Baumbach
The Green Inferno,Eli Roth
Our Brand Is Crisis (2015),David Gordon Green
Grandma (2015),Paul Weitz
Little Boy,Alejandro Monteverde
Danny Collins,Dan Fogelman
The Water Diviner,Russell Crowe
Irrational Man,Woody Allen
Anomalisa,Charlie Kaufman
Scouts Guide to the Zombie Apocalypse,Christopher B. Landon
What We Do in the Shadows,Taika Waititi
Wild Tales,Damian Szifron
Rock The Kasbah,Barry Levinson
The End of the Tour,James Ponsoldt
He Named Me Malala,Davis Guggenheim
Chi-Raq,Spike Lee
Truth,James Vanderbilt
Mistress America,Noah Baumbach
Jem and the Holograms,Jon Chu
Cake,Daniel Barnz
Legend,Brian Helgeland
Child 44,Daniel Espinosa
Black Sea,Kevin Macdonald
Miss You Already,Catherine Hardwicke
Singh is Bling,Prabhu Dheva
Sleeping with Other People,Leslye Headland
Seymour:An Introduction,Ethan Hawke
A Little Chaos,Alan Rickman
Remember,Atom Egoyan
By the Sea,Angelina Jolie
Coming Home (2015),Zhang Yimou
Good Kill,Andrew Niccol
Love (2015),Gaspar Noe
Wolf Totem,Jean-Jacques Annaud
Stonewall (2015),Roland Emmerich
The Young & Prodigious T.S. Spivet,Jean-Pierre Jeunet
Time Out of Mind,Oren Moverman
The Last 5 Years,Richard LaGravenese
Manglehorn,David Gordon Green
Mississippi Grind,Anna Boden
Mississippi Grind,Ryan Fleck
Digging for Fire,Joe Swanberg
Queen of Earth,Alex Ross Perry
Queen of Earth,Alex Ross Perry
Beasts of No Nation,Cary Fukunaga
The Quay Brothers in 35mm,Christopher Nolan
Shanghai,Mikael Hafstrom
Lost River,Ryan Gosling
Breathe,Melanie Laurent
Lila & Eve,Charles Stone III
Before We Go,Chris Evans
Knock Knock,Eli Roth
Metropolitan (2015 re-release),Whit Stillman
Trash,Stephen Daldry
Just Before I Go,Courteney Cox
The Riot Club,Lone Scherfig
Area 51,Oren Peli
Chocolat (2015 re-release),Claire Denis
American Sniper,Clint Eastwood
The Hunger Games:Mockingjay - Part 1,Francis Lawrence
Guardians of the Galaxy,James Gunn
Captain America:The Winter Soldier,Anthony Russo
Captain America:The Winter Soldier,Joe Russo
The LEGO Movie,Phil Lord
The LEGO Movie,Chris Miller (II)
The Hobbit:The Battle of the Five Armies,Peter Jackson
Transformers:Age of Extinction,Michael Bay
Maleficent,Robert Stromberg
X-Men:Days of Future Past,Bryan Singer
Big Hero 6,Don Hall
Big Hero 6,Chris Williams
Dawn of the Planet of the Apes,Matt Reeves
The Amazing Spider-Man 2,Marc Webb
Godzilla (2014),Gareth Edwards
22 Jump Street,Phil Lord
22 Jump Street,Chris Miller (II)
Teenage Mutant Ninja Turtles (2014),Jonathan Liebesman
Interstellar,Christopher Nolan
How to Train Your Dragon 2,Dean DeBlois
Gone Girl,David Fincher
Divergent,Neil Burger
Neighbors,Nick Stoller
Ride Along,Tim Story
Rio 2,Carlos Saldanha
Into the Woods,Rob Marshall
Lucy,Luc Besson
The Fault in our Stars,Josh Boone
Unbroken,Angelina Jolie
Night at the Museum:Secret of the Tomb,Shawn Levy
Mr. Peabody & Sherman,Rob Minkoff
300:Rise of An Empire,Noam Murro
The Maze Runner,Wes Ball
The Equalizer,Antoine Fuqua
Noah,Darren Aronofsky
Edge of Tomorrow,Doug Liman
Non-Stop,Jaume Collet-Serra
Heaven is for Real,Randall Wallace
The Imitation Game,Morten Tyldum
Dumb and Dumber To,The Farrelly Bros.
Annie (2014),Will Gluck
Fury (2014),David Ayer
Annabelle,John R. Leonetti
The Other Woman (2014),Nick Cassavetes
Penguins of Madagascar,Eric Darnell
Penguins of Madagascar,Simon J. Smith
Let's Be Cops,Luke Greenfield
The Monuments Men,George Clooney
Hercules (2014),Brett Ratner
The Purge:Anarchy,James DeMonaco
"Alexander and the Terrible, Horrible, No Good, Very Bad Day",Miguel Arteta
Think Like a Man Too,Tim Story
Exodus:Gods and Kings,Ridley Scott
The Nut Job,Peter Lepeniotis
Son of God,Christopher Spencer
The Grand Budapest Hotel,Wes Anderson
RoboCop (2014),Jose Padilha
Dracula Untold,Gary Shore
Horrible Bosses 2,Sean Anders
The Hundred-Foot Journey,Lasse Hallstrom
No Good Deed (2014),Sam Miller
Selma,Ava DuVernay
Ouija,Stiles White
The Boxtrolls,Graham Annable
The Boxtrolls,Anthony Stacchi
Jack Ryan:Shadow Recruit,Kenneth Branagh
If I Stay,R.J. Cutler
The Book of Life (2014),Jorge R. Gutierrez
About Last Night (2014),Steve Pink
Into The Storm,Steven Quale
The Judge,David Dobkin
Jersey Boys,Clint Eastwood
Blended,Frank Coraci
The Giver,Phillip Noyce
St. Vincent,Theodore Melfi
Need for Speed,Scott Waugh
A Million Ways to Die in the West,Seth MacFarlane
John Wick,David Leitch
John Wick,Chad Stahelski
The Expendables 3,Patrick Hughes
Earth to Echo,Dave Green
Sex Tape,Jake Kasdan
Wild (2014),Jean-Marc Vallee
Million Dollar Arm,Craig Gillespie
This is Where I Leave You,Shawn Levy
The Gambler,Rupert Wyatt
Nightcrawler,Dan Gilroy
Chef,Jon Favreau
Get On Up,Tate Taylor
3 Days to Kill,McG
Deliver Us From Evil,Scott Derrickson
When the Game Stands Tall,Thomas Carter
Draft Day,Ivan Reitman
Oculus,Mike Flanagan
The Best of Me,Michael Hoffman
A Walk Among the Tombstones,Scott Frank
That Awkward Moment,Tom Gormican
Boyhood,Richard Linklater
Top Five,Chris Rock
The November Man,Roger Donaldson
Endless Love (2014),Shana Feste
Pompeii,Paul W.S. Anderson
Transcendence,Wally Pfister
As Above/So Below,John Erick Dowdle
Brick Mansions,Camille Delamarre
"I, Frankenstein",Stuart Beattie
The Legend of Hercules,Renny Harlin
Addicted,Bille Woodruff
A Haunted House 2,Michael Tiddes
A Most Wanted Man,Anton Corbijn
Tyler Perry's The Single Moms Club,Tyler Perry
And So It Goes,Rob Reiner
Step Up All In,Trish Sie
Beyond the Lights,Gina Prince-Bythewood
Big Eyes,Tim Burton
America (2014),Dinesh D'Souza
America (2014),John Sullivan
Left Behind (2014),Vic Armstrong
Frank Miller's Sin City:A Dame to Kill For,Frank Miller
Frank Miller's Sin City:A Dame to Kill For,Robert Rodriguez
Labor Day,Jason Reitman
Whiplash,Damien Chazelle
Winter's Tale,Akiva Goldsman
Foxcatcher,Bennett Miller
The Drop,Michael Roskam
Magic in the Moonlight,Woody Allen
Sabotage (2014),David Ayer
Moms' Night Out,Andrew Erwin
Moms' Night Out,Jon Erwin
The Quiet Ones,John Pogue
Legends of Oz:Dorothy's Return,Will Finn
Legends of Oz:Dorothy's Return,Dan St. Pierre
Inherent Vice,Paul Thomas Anderson
Vampire Academy,Mark S. Waters
Bad Words,Jason Bateman
The Interview (2014),Evan Goldberg
The Interview (2014),Seth Rogen
A Most Violent Year,J.C. Chandor
Cesar Chavez,Diego Luna
The Skeleton Twins,Craig Johnson
The Wind Rises,Hayao Miyazaki
Mr. Turner,Mike Leigh
Calvary,John Michael McDonagh
Wish I Was Here,Zach Braff
Mommy,Xavier Dolan
What If (2014),Michael Dowse
Before I Go To Sleep,Rowan Joffe
Obvious Child,Gillian Robespierre
The Trip to Italy,Michael Winterbottom
The Identical,Dustin Marcellino
The Pyramid,Gregory Levasseur
The Good Lie,Philippe Falardeau
The Raid 2,Gareth Evans
Kill the Messenger,Michael Cuesta
The Homesman,Tommy Lee Jones
The Immigrant,James Gray
Only Lovers Left Alive,Jim Jarmusch
Tusk,Kevin Smith
Locke,Steven Knight
Hector And The Search For Happiness,Peter Chelsom
The Rover,David Michod
The Captive,Atom Egoyan
Laggies,Lynn Shelton
50 to 1,Jim Wilson
Third Person,Paul Haggis
Enemy,Denis Villeneuve
"Men, Women & Children",Jason Reitman
The Disappearance of Eleanor Rigby,Ned Benson
Tracks (2014),John Curran
The Two Faces of January,Hossein Amini
Venus in Fur,Roman Polanski
Joe (2014),David Gordon Green
Glen Campbell... I'll Be Me,James Keach
Jimi:All Is By My Side,John Ridley
The Guest (2014),Adam Wingard
Mood Indigo,Michel Gondry
The Last of Robin Hood,Richard Glatzer
The Last of Robin Hood,Wash Westmoreland
Night Moves,Kelly Reichardt
Blue Ruin,Jeremy Saulnier
The Zero Theorem,Terry Gilliam
Supermensch:The Legend of Shep Gordon,Mike Myers
Listen Up Philip,Alex Ross Perry
God's Pocket,John Slattery
Duran Duran:Unstaged,David Lynch
One Chance,David Frankel
Walk of Shame,Steven Brill
Rudderless,William H. Macy
A Master Builder,Jonathan Demme
Interior. Leather Bar.,James Franco
Child of God,James Franco
White Bird in a Blizzard,Gregg Araki
Happy Christmas,Joe Swanberg
Falcon Rising,Ernie Barbarash
Mr. Pip,Andrew Adamson
The Hunger Games:Catching Fire,Francis Lawrence
Iron Man 3,Shane Black
Frozen,Chris Buck
Frozen,Jennifer Lee
Despicable Me 2,Pierre Coffin
Despicable Me 2,Chris Renaud
Man of Steel,Zack Snyder
Gravity,Alfonso Cuaron
Monsters University,Dan Scanlon
The Hobbit:The Desolation of Smaug,Peter Jackson
Fast & Furious 6,Justin Lin
Oz The Great and Powerful,Sam Raimi
Star Trek Into Darkness,J.J. Abrams
Thor:The Dark World,Alan Taylor
World War Z,Marc Forster
The Croods,Kirk De Micco
The Croods,Chris Sanders
The Heat,Paul Feig
We're the Millers,Rawson Marshall Thurber
American Hustle,David O. Russell
The Great Gatsby (2013),Baz Luhrmann
The Conjuring,James Wan
Identity Thief,Seth Gordon
Grown Ups 2,Dennis Dugan
The Wolverine,James Mangold
Anchorman 2:The Legend Continues,Adam McKay
Lone Survivor,Peter Berg
G.I. Joe:Retaliation,Jon Chu
Now You See Me,Louis Leterrier
The Wolf of Wall Street,Martin Scorsese
Lee Daniels' The Butler,Lee Daniels
The Hangover Part III,Todd Phillips
Epic,Chris Wedge
Captain Phillips,Paul Greengrass
Jackass Presents:Bad Grandpa,Jeff Tremaine
Pacific Rim,Guillermo del Toro
This is the End,Evan Goldberg
This is the End,Seth Rogen
Olympus Has Fallen,Antoine Fuqua
42,Brian Helgeland
Elysium,Neill Blomkamp
Planes,Klay Hall
The Lone Ranger,Gore Verbinski
Oblivion,Joseph Kosinski
Insidious Chapter 2,James Wan
Saving Mr. Banks,John Lee Hancock
Turbo,David Soren
2 Guns,Baltasar Kormakur
White House Down,Roland Emmerich
Mama,Andres Muschietti
Safe Haven,Lasse Hallstrom
The Smurfs 2,Raja Gosnell
The Best Man Holiday,Malcolm D. Lee
Percy Jackson:Sea of Monsters,Thor Freudenthal
A Good Day to Die Hard,John Moore
Warm Bodies,Jonathan Levine
Jack the Giant Slayer,Bryan Singer
The Purge,James DeMonaco
Last Vegas,Jon Turteltaub
Prisoners,Denis Villeneuve
After Earth,M. Night Shyamalan
The Secret Life of Walter Mitty,Ben Stiller
Escape From Planet Earth,Cal Brunker
12 Years a Slave,Steve McQueen (II)
Free Birds,Jimmy Hayward
Hansel and Gretel:Witch Hunters,Tommy Wirkola
Evil Dead (2013),Fede Alvarez
Red 2,Dean Parisot
Tyler Perry's A Madea Christmas,Tyler Perry
Tyler Perry's Temptation:Confessions of a Marriage Counselor,Tyler Perry
The Call,Brad Anderson
Pain and Gain,Michael Bay
Gangster Squad,Ruben Fleischer
The Internship,Shawn Levy
Snitch,Ric Roman Waugh
Riddick,David Twohy
A Haunted House,Michael Tiddes
47 Ronin,Carl Rinsch
August:Osage County,John Wells
Philomena,Stephen Frears
The Family (2013),Luc Besson
Walking with Dinosaurs,Barry Cook
Walking with Dinosaurs,Neil Nightingale
Carrie (2013),Kimberly Peirce
Texas Chainsaw 3D,John Luessenhop
R.I.P.D.,Robert Schwentke
Blue Jasmine,Woody Allen
Side Effects (2013),Steven Soderbergh
Scary Movie 5,Malcolm D. Lee
The Mortal Instruments:City of Bones,Harald Zwart
Delivery Man,Ken Scott
Grudge Match,Peter Segal
One Direction:This is Us,Morgan Spurlock
Kick-Ass 2,Jeff Wadlow
Dallas Buyers Club,Jean-Marc Vallee
Rush (2013),Ron Howard
The Host (2013),Andrew Niccol
The World's End,Edgar Wright
21 and Over,Jon Lucas
21 and Over,Scott Moore
Her (2013),Spike Jonze
Escape Plan,Mikael Hafstrom
Don Jon,Joseph Gordon-Levitt
The Incredible Burt Wonderstone,Don Scardino
The Big Wedding,Justin Zackham
Mud,Jeff Nichols
The Place Beyond the Pines,Derek Cianfrance
Broken City,Allen Hughes
Beautiful Creatures (2013),Richard LaGravenese
Runner Runner,Brad Furman
You're Next,Adam Wingard
Quartet,Dustin Hoffman
Admission,Paul Weitz
Nebraska,Alexander Payne
Parker,Taylor Hackford
Enough Said,Nicole Holofcener
Dark Skies,Scott Charles Stewart
The Counselor,Ridley Scott
Jobs,Joshua Michael Stern
Fruitvale Station,Ryan Coogler
The Last Exorcism Part II,Ed Gass-Donnelly
Inside Llewyn Davis,Ethan Coen
Inside Llewyn Davis,Joel Coen
The Last Stand,Jee-woon Kim
Out of the Furnace,Scott Cooper
Getaway (2013),Courtney Solomon
Bullet to the Head,Walter Hill
Battle of the Year,Benson Lee
Movie 43,Elizabeth Banks*
Movie 43,Steven Brill*
Movie 43,Steve Carr*
Movie 43,James Gunn*
Movie 43,Brett Ratner*
Mandela:Long Walk to Freedom,Justin Chadwick
Before Midnight,Richard Linklater
Machete Kills,Robert Rodriguez
Paranoia,Robert Luketic
The Spectacular Now,James Ponsoldt
The Grandmaster,Wong Kar Wai
All Is Lost,J.C. Chandor
Believe,Jon Chu
The Bling Ring,Sofia Coppola
Closed Circuit,John Crowley
The Company You Keep,Robert Redford
Much Ado About Nothing (2013),Joss Whedon
Frances Ha,Noah Baumbach
The Fifth Estate,Bill Condon
In a World,Lake Bell
Trance,Danny Boyle
The East,Zal Batmanglij
Oldboy (2013),Spike Lee
Stories We Tell,Sarah Polley
Kon-Tiki,Joachim Ronning
Kon-Tiki,Espen Sandberg
I'm So Excited,Pedro Almodovar
The Kings of Summer,Jordan Vogt-Roberts
The Invisible Woman,Ralph Fiennes
The Lords of Salem,Rob Zombie
Only God Forgives,Nicolas Winding Refn
Parkland,Peter Landesman
The Reluctant Fundamentalist,Mira Nair
The Inevitable Defeat of Mister and Pete,"George Tillman, Jr."
Drinking Buddies,Joe Swanberg
Starbuck (U.S. only),Ken Scott
Happy People:A Year in the Taiga,Werner Herzog
Great Expectations (2013),Mike Newell
Prince Avalanche,David Gordon Green
Is the Man Who Is Tall Happy?,Michel Gondry
Man of Tai Chi,Keanu Reeves
Passion,Brian De Palma
Byzantium,Neil Jordan
Stuck in Love,Josh Boone
How I Live Now,Kevin Macdonald
The Canyons,Paul Schrader
A Glimpse Inside the Mind of Charles Swan III,Roman Coppola
The We and the I,Michel Gondry
Killing Season,Mark Steven Johnson
Redemption (2013),Steven Knight
Touchy Feely,Lynn Shelton
The Look of Love,Michael Winterbottom
Violet & Daisy,Geoffrey Fletcher
As I Lay Dying,James Franco
Jayne Mansfield's Car,Billy Bob Thornton
Welcome to the Punch,Eran Creevy
Hell Baby,Thomas Lennon & Ben Garant
Pawn Shop Chronicles,Wayne Kramer
Sal,James Franco
Some Velvet Morning,Neil LaBute
Tricked,Paul Verhoeven
Plush,Catherine Hardwicke
Marvel's The Avengers,Joss Whedon
The Dark Knight Rises,Christopher Nolan
The Hunger Games,Gary Ross
Skyfall,Sam Mendes
The Hobbit:An Unexpected Journey,Peter Jackson
The Twilight Saga:Breaking Dawn Part 2,Bill Condon
The Amazing Spider-Man,Marc Webb
Brave,Mark Andrews
Brave,Brenda Chapman
Ted,Seth MacFarlane
Madagascar 3:Europe's Most Wanted,Eric Darnell
Madagascar 3:Europe's Most Wanted,Tom McGrath
Madagascar 3:Europe's Most Wanted,Conrad Vernon
Dr. Seuss' The Lorax,Chris Renaud
Wreck-It Ralph,Rich Moore
Lincoln,Steven Spielberg
MIB 3,Barry Sonnenfeld
Django Unchained,Quentin Tarantino
Snow White and the Huntsman,Rupert Sanders
Les Miserables (2012),Tom Hooper
Taken 2,Olivier Megaton
21 Jump Street,Phil Lord
21 Jump Street,Chris Miller (II)
Argo,Ben Affleck
Silver Linings Playbook,David O. Russell
Prometheus,Ridley Scott
Safe House,Daniel Espinosa
The Vow,Michael Sucsy
Life of Pi,Ang Lee
Magic Mike,Steven Soderbergh
The Bourne Legacy,Tony Gilroy
Journey 2:The Mysterious Island,Brad Peyton
Zero Dark Thirty,Kathryn Bigelow
Flight,Robert Zemeckis
Think Like a Man,Tim Story
The Campaign,Jay Roach
The Expendables 2,Simon West
Wrath of the Titans,Jonathan Liebesman
Jack Reacher,Christopher McQuarrie
Dark Shadows,Tim Burton
Parental Guidance,Andy Fickman
John Carter,Andrew Stanton
Act of Valor,Mike McCoy
Act of Valor,Scott Waugh
This Is 40,Judd Apatow
Contraband,Baltasar Kormakur
Looper,Rian Johnson
Tyler Perry's Madea's Witness Protection,Tyler Perry
Battleship,Peter Berg
Pitch Perfect,Jason Moore
Mirror Mirror,Tarsem
Chronicle (2012),Josh Trank
Hope Springs,David Frankel
Underworld Awakening,Mars Marlind
Underworld Awakening,Bjorn Stein
The Lucky One,Scott Hicks
The Dictator,Larry Charles
Total Recall (2012),Len Wiseman
American Reunion,Jon Hurwitz
American Reunion,Hayden Schlossberg
ParaNorman,Sam Fell
This Means War,McG
Project X,Nima Nourizadeh
The Woman in Black,James Watkins
Paranormal Activity 4,Henry Joost
Paranormal Activity 4,Ariel Schulman
The Devil Inside,William Brent Bell
The Odd Life of Timothy Green,Peter Hedges
Ghost Rider:Spirit of Vengeance,Mark Neveldine
Ghost Rider:Spirit of Vengeance,Brian Taylor
The Grey,Joe Carnahan
The Possession,Ole Bornedal
Diary of a Wimpy Kid:Dog Days,David Bowers
Sinister,Scott Derrickson
Savages (2012),Oliver Stone
The Best Exotic Marigold Hotel,John Madden
Moonrise Kingdom,Wes Anderson
Here Comes the Boom,Frank Coraci
Red Dawn (2012),Dan Bradley
The Three Stooges,The Farrelly Bros.
Resident Evil:Retribution,Paul W.S. Anderson
The Cabin in the Woods,Drew Goddard
What to Expect When You're Expecting,Kirk Jones
End of Watch,David Ayer
Rock of Ages,Adam Shankman
Abraham Lincoln:Vampire Hunter,Timur Bekmambetov
Lawless,John Hillcoat
The Guilt Trip,Anne Fletcher
That's My Boy,Sean Anders
Trouble with the Curve,Robert Lorenz
The Watch,Akiva Schaffer
Frankenweenie,Tim Burton
Step Up Revolution,Scott Speer
Tyler Perry's Good Deeds,Tyler Perry
2016 Obama's America,Dinesh D'Souza
2016 Obama's America,John Sullivan
House at the End of The Street,Mark Tonderai
The Pirates! Band of Misfits,Peter Lord
Joyful Noise,Todd Graff
The Five-Year Engagement,Nick Stoller
Cloud Atlas,Tom Tykwer
Cloud Atlas,Lilly & Lana Wachowski
One For the Money,Julie Anne Robinson
Alex Cross,Rob Cohen
Sparkle (2012),Salim Akil
Premium Rush,David Koepp
Big Miracle,Ken Kwapis
The Impossible,J.A. Bayona
Haywire,Steven Soderbergh
Man on a Ledge,Asger Leth
A Thousand Words,Brian Robbins
The Perks of Being a Wallflower,Stephen Chbosky
Silent Hill:Revelation 3D,Michael J. Bassett
Wanderlust,David Wain
Safe (2012),Boaz Yakin
To Rome with Love,Woody Allen
The Master,Paul Thomas Anderson
The Raven,James McTeigue
Killing Them Softly,Andrew Dominik
Hit and Run,David Palmer
Dredd,Pete Travis
Playing for Keeps,Gabriele Muccino
Anna Karenina,Joe Wright
Beasts of the Southern Wild,Benh Zeitlin
Silent House,Chris Kentis
Silent House,Laura Lau
Cirque Du Soleil:Worlds Away,Andrew Adamson
People Like Us,Alex Kurtzman
Gone,Heitor Dhalia
The Words,Brian Klugman
The Words,Lee Sternthal
Fun Size,Josh Schwartz
Bernie,Richard Linklater
Salmon Fishing in the Yemen,Lasse Hallstrom
Arbitrage,Nicholas Jarecki
Promised Land (2012),Gus Van Sant
Seeking a Friend for the End of the World,Lorene Scafaria
The Collection,Marcus Dunstan
Amour,Michael Haneke
Hitchcock,Sacha Gervasi
Chasing Mavericks,Michael Apted
Chasing Mavericks,Curtis Hanson
For Greater Glory,Dean Wright
Won't Back Down,Daniel Barnz
The Apparition,Todd Lincoln
"Jeff, Who Lives at Home",Jay Duplass
"Jeff, Who Lives at Home",Mark Duplass
The Raid:Redemption,Gareth Evans
Safety Not Guaranteed,Colin Trevorrow
Robot & Frank,Jake Schreier
Jiro Dreams of Sushi,David Gelb
Ruby Sparks,Jonathan Dayton
Ruby Sparks,Valerie Faris
Rust and Bone,Jacques Audiard
Monsieur Lazhar (U.S.-only),Philippe Falardeau
Footnote,Joseph Cedar
Killer Joe,William Friedkin
Your Sister's Sister,Lynn Shelton
Marley,Kevin Macdonald
Take This Waltz,Sarah Polley
Headhunters,Morten Tyldum
Damsels in Distress,Whit Stillman
Rampart,Oren Moverman
Darling Companion,Lawrence Kasdan
Coriolanus,Ralph Fiennes
The Paperboy,Lee Daniels
2 Days in New York,Julie Delpy
Not Fade Away,David Chase
W.E.,Madonna
Being Flynn,Paul Weitz
Bachelorette,Leslye Headland
Seeking Justice,Roger Donaldson
Sound of My Voice,Zal Batmanglij
Smashed,James Ponsoldt
The Lady,Luc Besson
Red Hook Summer,Spike Lee
Liberal Arts,Josh Radnor
The Flowers of War,Zhang Yimou
Stolen (2012),Simon West
Trishna,Michael Winterbottom
Middle of Nowhere (2012),Ava DuVernay
Neil Young Journeys,Jonathan Demme
Easy Money (2012),Daniel Espinosa
10 Years,Jamie Linden
Battlefield America,Chris Stokes
Dark Horse,Todd Solondz
Bullhead,Michael Roskam
God Bless America,Bobcat Goldthwait
The Magic of Belle Isle,Rob Reiner
The Invisible War,Kirby Dick
Intruders,Juan Carlos Fresnadillo
The Details,Jacob Aaron Estes
Red Lights (2012),Rodrigo Cortes
Fat Kid Rules the World,Matthew Lillard
Mansome,Morgan Spurlock
Comic-Con Episode IV:A Fan's Hope,Morgan Spurlock
The Bay,Barry Levinson
Lay the Favorite,Stephen Frears
The Color Wheel,Alex Ross Perry
Virginia,Dustin Lance Black
The Do-Deca-Pentathlon,Jay Duplass
The Do-Deca-Pentathlon,Mark Duplass
The Babymakers,Jay Chandrasekhar
Roadie (2012),Michael Cuesta
Bringing Up Bobby,Famke Janssen
Tomorrow When the War Began,Stuart Beattie
Vamps,Amy Heckerling
Harry Potter and the Deathly Hallows Part 2,David Yates
Transformers:Dark of the Moon,Michael Bay
The Twilight Saga:Breaking Dawn Part 1,Bill Condon
The Hangover Part II,Todd Phillips
Pirates of the Caribbean:On Stranger Tides,Rob Marshall
Fast Five,Justin Lin
Mission:Impossible - Ghost Protocol,Brad Bird
Cars 2,John Lasseter
Cars 2,Brad Lewis
Sherlock Holmes:A Game of Shadows,Guy Ritchie
Thor,Kenneth Branagh
Rise of the Planet of the Apes,Rupert Wyatt
Captain America:The First Avenger,Joe Johnston
The Help,Tate Taylor
Bridesmaids,Paul Feig
Kung Fu Panda 2,Jennifer Yuh Nelson
Puss in Boots,Chris Miller
X-Men:First Class,Matthew Vaughn
Rio,Carlos Saldanha
The Smurfs,Raja Gosnell
Alvin and the Chipmunks:Chipwrecked,Mike Mitchell
Super 8,J.J. Abrams
Rango,Gore Verbinski
Horrible Bosses,Seth Gordon
Green Lantern,Martin Campbell
Hop,Tim Hill
Paranormal Activity 3,Henry Joost
Paranormal Activity 3,Ariel Schulman
Just Go With It,Dennis Dugan
The Girl with the Dragon Tattoo (2011),David Fincher
Bad Teacher,Jake Kasdan
Cowboys & Aliens,Jon Favreau
Gnomeo and Juliet,Kelly Asbury
The Green Hornet,Michel Gondry
Real Steel,Shawn Levy
"Crazy, Stupid, Love.",Glenn Ficarra
"Crazy, Stupid, Love.",John Requa
Battle:Los Angeles,Jonathan Liebesman
Immortals,Tarsem
The Descendants,Alexander Payne
Zookeeper,Frank Coraci
War Horse,Steven Spielberg
Limitless,Neil Burger
Tower Heist,Brett Ratner
The Adventures of Tintin,Steven Spielberg
Contagion,Steven Soderbergh
We Bought a Zoo,Cameron Crowe
Moneyball,Bennett Miller
Jack and Jill,Dennis Dugan
Hugo,Martin Scorsese
Justin Bieber:Never Say Never,Jon Chu
No Strings Attached,Ivan Reitman
Mr. Popper's Penguins,Mark S. Waters
Happy Feet Two,George Miller
Unknown,Jaume Collet-Serra
The Adjustment Bureau,George Nolfi
Water for Elephants,Francis Lawrence
The Lincoln Lawyer,Brad Furman
Midnight in Paris,Woody Allen
Friends with Benefits,Will Gluck
I Am Number Four,D.J. Caruso
Source Code,Duncan Jones
New Year's Eve,Garry Marshall
Insidious,James Wan
Tyler Perry's Madea's Big Happy Family,Tyler Perry
Diary of a Wimpy Kid:Rodrick Rules,David Bowers
Footloose (2011),Craig Brewer
The Dilemma,Ron Howard
Arthur Christmas,Sarah Smith
Hall Pass,The Farrelly Bros.
The Artist,Michel Hazanavicius
Soul Surfer,Sean McNamara
Final Destination 5,Steven Quale
The Ides of March,George Clooney
Hanna,Joe Wright
Something Borrowed,Luke Greenfield
Spy Kids:All the Time in the World,Robert Rodriguez
Scream 4,Wes Craven
"Big Mommas:Like Father, Like Son",John Whitesell
Red Riding Hood,Catherine Hardwicke
In Time,Andrew Niccol
Paul,Greg Mottola
J. Edgar,Clint Eastwood
The Roommate,Christian E. Christiansen
Jumping the Broom,Salim Akil
The Change-Up,David Dobkin
30 Minutes or Less,Ruben Fleischer
Colombiana,Olivier Megaton
Sucker Punch,Zack Snyder
Larry Crowne,Tom Hanks
A Very Harold & Kumar 3D Christmas,Todd Strauss-Schulson
Drive (2011),Nicolas Winding Refn
50/50,Jonathan Levine
Courageous,Alex Kendrick
The Rite,Mikael Hafstrom
Arthur (2011),Jason Winer
Extremely Loud & Incredibly Close,Stephen Daldry
The Debt,John Madden
The Sitter,David Gordon Green
Priest,Scott Charles Stewart
The Mechanic,Simon West
Abduction,John Singleton
Beastly,Daniel Barnz
Winnie the Pooh,Don Hall
Killer Elite,Gary McKendry
Season of the Witch,Dominic Sena
Our Idiot Brother,Jesse Peretz
"Tinker, Tailor, Soldier, Spy",Tomas Alfredson
Don't Be Afraid of the Dark,Troy Nixey
Sanctum,Alister Grierson
Monte Carlo,Thomas Bezucha
Your Highness,David Gordon Green
The Darkest Hour,Chris Gorak
Mars Needs Moms,Simon Wells
Dream House,Jim Sheridan
Conan the Barbarian (2011),Marcus Nispel
The Three Musketeers (2011),Paul W.S. Anderson
The Eagle,Kevin Macdonald
Shark Night 3D,David R. Ellis
Fright Night (2011),Craig Gillespie
Young Adult,Jason Reitman
Judy Moody and the NOT Bummer Summer,John Schultz
What's Your Number?,Mark Mylod
One Day,Lone Scherfig
Warrior,Gavin O'Connor
The Conspirator,Robert Redford
Jane Eyre,Cary Fukunaga
Drive Angry,Patrick Lussier
Straw Dogs (2011),Rod Lurie
Win Win,Tom McCarthy
Prom,Joe Nussbaum
I Don't Know How She Does It,Douglas McGrath
Johnny English Reborn,Oliver Parker
The Big Year,David Frankel
Take Me Home Tonight,Michael Dowse
Cedar Rapids,Miguel Arteta
Beginners,Mike Mills
The Guard,John Michael McDonagh
Margin Call,J.C. Chandor
Cave of Forgotten Dreams,Werner Herzog
Anonymous,Roland Emmerich
The Company Men,John Wells
Shame,Steve McQueen (II)
The Skin I Live In,Pedro Almodovar
The Way Back,Peter Weir
Carnage (2011),Roman Polanski
Bucky Larson:Born to Be a Star,Tom Brady
Incendies (U.S. only),Denis Villeneuve
The Trip (2011),Michael Winterbottom
A Better Life,Chris Weitz
We Need to Talk About Kevin,Lynne Ramsay
Take Shelter,Jeff Nichols
I Am,Tom Shadyac
The Devil's Double,Lee Tamahori
Another Earth,Mike Cahill
Dylan Dog:Dead of Night,Kevin Munroe
Red State,Kevin Smith
Attack the Block,Joe Cornish
Meek's Cutoff,Kelly Reichardt
The Beaver,Jodie Foster
Higher Ground,Vera Farmiga
Tabloid,Errol Morris
Terri,Azazel Jacobs
POM Wonderful Presents:The Greatest Movie Ever Sold,Morgan Spurlock
The Future,Miranda July
Machine Gun Preacher,Marc Forster
Pearl Jam Twenty,Cameron Crowe
Hesher,Spencer Susser
Miral,Julian Schnabel
The First Grader,Justin Chadwick
Super,James Gunn
In the Land of Blood and Honey,Angelina Jolie
Life in a Day,Kevin Macdonald
Brighton Rock,Rowan Joffe
Into the Abyss,Werner Herzog
HappyThankYouMorePlease,Josh Radnor
October Baby,Andrew Erwin
October Baby,Jon Erwin
Restless (2011),Gus Van Sant
I Will Follow,Ava DuVernay
1911,Jackie Chan
I Saw the Devil,Jee-woon Kim
Trust (2011),David Schwimmer
Kaboom,Gregg Araki
Henry's Crime,Malcolm Venville
Elite Squad:The Enemy Within,Jose Padilha
Heartbeats,Xavier Dolan
Public Speaking,Martin Scorsese
Margaret,Kenneth Lonergan
11-11-11,Darren Lynn Bousman
Small Town Murder Songs,Ed Gass-Donnelly
White Irish Drinkers,John Gray
Cat Run,John Stockwell
Waiting for Forever,James Keach
The Other Woman,Don Roos
Trespass (2011),Joel Schumacher
Vanishing on 7th Street,Brad Anderson
5 Days of War,Renny Harlin
London Boulevard,William Monahan
Anchor Baby,Lonzo Nzekwe
Sympathy for Delicious,Mark Ruffalo
Frankie & Alice,Geoffrey Sax
I Melt With You,Mark Pellington
Flypaper,Rob Minkoff
Burke and Hare,John Landis
Toy Story 3,Lee Unkrich
Alice in Wonderland (2010),Tim Burton
Iron Man 2,Jon Favreau
The Twilight Saga:Eclipse,David Slade
Harry Potter and the Deathly Hallows Part 1,David Yates
Inception,Christopher Nolan
Despicable Me,Pierre Coffin
Despicable Me,Chris Renaud
Shrek Forever After,Mike Mitchell
How to Train Your Dragon,Dean DeBlois
How to Train Your Dragon,Chris Sanders
The Karate Kid,Harald Zwart
Tron Legacy,Joseph Kosinski
True Grit,Ethan Coen
True Grit,Joel Coen
Clash of the Titans (2010),Louis Leterrier
Grown Ups,Dennis Dugan
Little Fockers,Paul Weitz
Megamind,Tom McGrath
The King's Speech,Tom Hooper
The Last Airbender,M. Night Shyamalan
Shutter Island,Martin Scorsese
The Other Guys,Adam McKay
Salt,Phillip Noyce
Jackass 3-D,Jeff Tremaine
Valentine's Day,Garry Marshall
Black Swan,Darren Aronofsky
Robin Hood,Ridley Scott
The Chronicles of Narnia:The Voyage of the Dawn Treader,Michael Apted
The Expendables,Sylvester Stallone
Due Date,Todd Phillips
Date Night,Shawn Levy
The Social Network,David Fincher
Sex and the City 2,Michael Patrick King
The Book of Eli,Albert Hughes
The Book of Eli,Allen Hughes
The Fighter,David O. Russell
The Town,Ben Affleck
Prince of Persia:The Sands of Time,Mike Newell
Red,Robert Schwentke
Percy Jackson & The Olympians:The Lightning Thief,Chris Columbus
Paranormal Activity 2,Tod Williams
Unstoppable,Tony Scott
Eat Pray Love,Ryan Murphy
Dear John,Lasse Hallstrom
The A-Team,Joe Carnahan
Knight & Day,James Mangold
Dinner for Schmucks,Jay Roach
The Bounty Hunter,Andy Tennant
Diary of a Wimpy Kid,Thor Freudenthal
The Sorcerer's Apprentice,Jon Turteltaub
The Last Song,Julie Anne Robinson
The Wolfman,Joe Johnston
Get Him to the Greek,Nick Stoller
Resident Evil:Afterlife,Paul W.S. Anderson
Tyler Perry's Why Did I Get Married Too?,Tyler Perry
Tooth Fairy,Michael Lembeck
Secretariat,Randall Wallace
Easy A,Will Gluck
Takers,John Luessenhop
Legend of the Guardians:The Owls of Ga'Hoole,Zack Snyder
Life as We Know It,Greg Berlanti
Letters to Juliet,Gary Winick
Wall Street:Money Never Sleeps,Oliver Stone
Hot Tub Time Machine,Steve Pink
Kick-Ass,Matthew Vaughn
Killers,Robert Luketic
Cop Out,Kevin Smith
Cats & Dogs:The Revenge of Kitty Galore,Brad Peyton
Edge of Darkness,Martin Campbell
Gulliver's Travels,Rob Letterman
Death at a Funeral (2010),Neil LaBute
Step Up 3-D,Jon Chu
The Last Exorcism,Daniel Stamm
Legion (2010),Scott Charles Stewart
Burlesque,Steven Antin
For Colored Girls,Tyler Perry
Vampires Suck,Jason Friedberg
Vampires Suck,Aaron Seltzer
The American,Anton Corbijn
Green Zone,Paul Greengrass
Marmaduke,Tom Dey
Devil,Drew Dowdle
Devil,John Erick Dowdle
Hereafter,Clint Eastwood
When in Rome,Mark Steven Johnson
Love and Other Drugs,Edward Zwick
She's Out of My League,Jim Field Smith
Scott Pilgrim vs. the World,Edgar Wright
Charlie St. Cloud,Burr Steers
How Do You Know,James L. Brooks
Nanny McPhee Returns,Susanna White
The Switch,Josh Gordon
The Switch,Will Speck
Brooklyn's Finest,Antoine Fuqua
Machete,Robert Rodriguez
Ramona and Beezus,Elizabeth Allen (II)
You Again,Andy Fickman
Lottery Ticket,Erik White
From Paris with Love,Pierre Morel
Faster,"George Tillman, Jr."
Skyline,Greg Strause
The Next Three Days,Paul Haggis
The Kids Are All Right,Lisa Cholodenko
Our Family Wedding,Rick Famuyiwa
Country Strong,Shana Feste
Remember Me,Allen Coulter
127 Hours,Danny Boyle
Going the Distance,Nanette Burstein
Furry Vengeance,Roger Kumble
Splice,Vincenzo Natali
The Ghost Writer,Roman Polanski
Youth in Revolt,Miguel Arteta
My Soul to Take,Wes Craven
Case 39,Christian Alvart
Let Me In,Matt Reeves
Extraordinary Measures,Tom Vaughan
Jonah Hex,Jimmy Hayward
Blue Valentine,Derek Cianfrance
Fair Game (2010),Doug Liman
MacGruber,Jorma Taccone
Cyrus,Jay Duplass
Cyrus,Mark Duplass
The Last Station,Michael Hoffman
Winter's Bone,Debra Granik
"Waiting for""Superman""",Davis Guggenheim
It's Kind of a Funny Story,Anna Boden
It's Kind of a Funny Story,Ryan Fleck
The Warrior's Way,Sngmoo Lee
Inside Job,Charles Ferguson
Greenberg,Noah Baumbach
Please Give,Nicole Holofcener
You Will Meet a Tall Dark Stranger,Woody Allen
Catfish,Henry Joost
Catfish,Ariel Schulman
Another Year,Mike Leigh
Chloe,Atom Egoyan
Never Let Me Go,Mark Romanek
The Illusionist (2010),Sylvain Chomet
Rabbit Hole,John Cameron Mitchell
"I Love You, Phillip Morris",Glenn Ficarra
"I Love You, Phillip Morris",John Requa
Stone,John Curran
Somewhere,Sofia Coppola
Flipped,Rob Reiner
Micmacs,Jean-Pierre Jeunet
Buried,Rodrigo Cortes
Animal Kingdom,David Michod
Casino Jack,George Hickenlooper
Middle Men,George Gallo
Agora,Alejandro Amenabar
All Good Things,Andrew Jarecki
Tamara Drewe,Stephen Frears
Ondine,Neil Jordan
Jack Goes Boating,Philip Seymour Hoffman
I'm Still Here,Casey Affleck
Enter the Void,Gaspar Noe
Life During Wartime,Todd Solondz
The Tempest,Julie Taymor
Monsters,Gareth Edwards
The Killer Inside Me,Michael Winterbottom
South of the Border,Oliver Stone
"A Woman, A Gun and A Noodle Shop",Zhang Yimou
Twelve,Joel Schumacher
Love Ranch,Taylor Hackford
"The Good, the Bad, the Weird",Jee-woon Kim
The Greatest (2010),Shana Feste
OSS 117:Lost in Rio,Michel Hazanavicius
Crazy on the Outside,Tim Allen
Waking Sleeping Beauty,Don Hahn
Tales from Earthsea,Goro Miyazaki
44 Inch Chest,Malcolm Venville
Guy and Madeline on a Park Bench,Damien Chazelle
Valhalla Rising,Nicolas Winding Refn
And Everything is Going Fine,Steven Soderbergh
Red Hill,Patrick Hughes
Paper Man,Kieran Mulroney
Paper Man,Michele Mulroney
The Dry Land,Ryan Piers Williams
The Thorn in the Heart,Michel Gondry
Inhale,Baltasar Kormakur
