MOVIE_NAME,PRODUCER
Finding Dory,Thomas Newman
Captain America:Civil War,Kevin Feige
Captain America:Civil War,Henry Jackman
Deadpool,Lauren Schuler Donner
Deadpool,Simon Kinberg
Deadpool,Ryan Reynolds
Deadpool,Junkie XL
The Jungle Book (2016),John Debney
Zootopia,Michael Giacchino
Batman v Superman:Dawn of Justice,David S. Goyer
Batman v Superman:Dawn of Justice,Charles Roven
Batman v Superman:Dawn of Justice,Deborah Snyder
Batman v Superman:Dawn of Justice,Junkie XL
Batman v Superman:Dawn of Justice,Hans Zimmer
X-Men:Apocalypse,Lauren Schuler Donner
X-Men:Apocalypse,Simon Kinberg
X-Men:Apocalypse,Hutch Parker
X-Men:Apocalypse,Bryan Singer
Kung Fu Panda 3,Hans Zimmer
The Legend of Tarzan,Rupert Gregson-Williams
The Conjuring 2,Joseph Bishara
Independence Day:Resurgence,Dean Devlin
Independence Day:Resurgence,Roland Emmerich
Independence Day:Resurgence,Harald Kloser
Ride Along 2,Ice Cube
Ride Along 2,Will Packer
Teenage Mutant Ninja Turtles:Out of the Shadows,Michael Bay
Teenage Mutant Ninja Turtles:Out of the Shadows,Andrew Form
Teenage Mutant Ninja Turtles:Out of the Shadows,Brad Fuller
Teenage Mutant Ninja Turtles:Out of the Shadows,Scott Mednick
Teenage Mutant Ninja Turtles:Out of the Shadows,Steve Jablonsky
Alice Through the Looking Glass,Tim Burton
Alice Through the Looking Glass,Joe Roth
Alice Through the Looking Glass,Danny Elfman
10 Cloverfield Lane,J.J. Abrams
The Divergent Series:Allegiant,Lucy Fisher
The Divergent Series:Allegiant,Douglas Wick
Now You See Me 2,Alex Kurtzman
Now You See Me 2,Roberto Orci
Now You See Me 2,Brian Tyler
The Boss,Will Ferrell
The Boss,Melissa McCarthy
The Boss,Adam McKay
London Has Fallen,Peter Schlessel
Miracles from Heaven,T.D. Jakes
Miracles from Heaven,Joe Roth
Neighbors 2:Sorority Rising,Evan Goldberg
Neighbors 2:Sorority Rising,Brendan O'Brien
Neighbors 2:Sorority Rising,Seth Rogen
Neighbors 2:Sorority Rising,James Weaver
The Huntsman:Winter's War,Joe Roth
The Huntsman:Winter's War,James Newton Howard
The BFG,Frank Marshall
The BFG,Steven Spielberg
The BFG,John Williams
Warcraft,Jon Jashni
Warcraft,Charles Roven
Warcraft,Thomas Tull
Ghostbusters (2016),Ivan Reitman
Money Monster,George Clooney
Money Monster,Grant Heslov
The 5th Wave,Henry Jackman
Gods of Egypt,Stephen Jones
Gods of Egypt,Alex Proyas
"Hail, Caesar!",Tim Bevan
"Hail, Caesar!",Ethan Coen
"Hail, Caesar!",Joel Coen
"Hail, Caesar!",Eric Fellner
"Hail, Caesar!",Carter Burwell
The Finest Hours,Carter Burwell
Whiskey Tango Foxtrot,Ian Bryce
Whiskey Tango Foxtrot,Tina Fey
Whiskey Tango Foxtrot,Lorne Michaels
Eddie the Eagle,Matthew Vaughn
Pride and Prejudice and Zombies,Natalie Portman
The Darkness,Jason Blum
Popstar:Never Stop Never Stopping,Judd Apatow
Popstar:Never Stop Never Stopping,Rodney Rothman
Popstar:Never Stop Never Stopping,Andy Samberg
Popstar:Never Stop Never Stopping,Akiva Schaffer
Popstar:Never Stop Never Stopping,Jorma Taccone
Hardcore Henry,Timur Bekmambetov
Everybody Wants Some!!,Megan Ellison
Everybody Wants Some!!,Richard Linklater
I Saw the Light,Brett Ratner
Jane Got a Gun,Natalie Portman
The Little Prince,Richard Harvey
The Little Prince,Hans Zimmer
The Family Fang,Carter Burwell
Clown,Eli Roth
Star Wars:The Force Awakens,J.J. Abrams
Star Wars:The Force Awakens,Bryan Burk
Star Wars:The Force Awakens,Kathleen Kennedy
Star Wars:The Force Awakens,John Williams
Jurassic World,Patrick Crowley
Jurassic World,Jon Jashni
Jurassic World,Frank Marshall
Jurassic World,Steven Spielberg
Jurassic World,Thomas Tull
Jurassic World,Michael Giacchino
Avengers:Age of Ultron,Victoria Alonso
Avengers:Age of Ultron,Louis D'Esposito
Avengers:Age of Ultron,Jon Favreau
Avengers:Age of Ultron,Kevin Feige
Avengers:Age of Ultron,Alan Fine
Avengers:Age of Ultron,Stan Lee
Avengers:Age of Ultron,Danny Elfman
Avengers:Age of Ultron,Brian Tyler
Inside Out,John Lasseter
Inside Out,Jonas Rivera
Inside Out,Michael Giacchino
Furious 7,Vin Diesel
Furious 7,Neal H. Moritz
Furious 7,Thomas Tull
Furious 7,Brian Tyler
Minions,Janet Healy
Minions,Christopher Meledandri
Minions,Chris Renaud
Minions,Heitor Pereira
The Hunger Games:Mockingjay - Part 2,James Newton Howard
The Martian,Simon Kinberg
The Martian,Ridley Scott
The Martian,Harry Gregson-Williams
Cinderella (2015),Simon Kinberg
Spectre,Barbara Broccoli
Spectre,Michael G. Wilson
Spectre,Thomas Newman
Mission:Impossible - Rogue Nation,J.J. Abrams
Mission:Impossible - Rogue Nation,Bryan Burk
Mission:Impossible - Rogue Nation,Tom Cruise
Mission:Impossible - Rogue Nation,David Ellison
Pitch Perfect 2,Elizabeth Banks
Pitch Perfect 2,Max Handelman
Pitch Perfect 2,Jason Moore
Pitch Perfect 2,Mark Mothersbaugh
The Revenant,Steve Golin
Ant-Man,Kevin Feige
Ant-Man,Christophe Beck
Home (2015),Mireille Soria
Hotel Transylvania 2,Michelle Murdocca
Hotel Transylvania 2,Adam Sandler
Hotel Transylvania 2,Robert Smigel
Hotel Transylvania 2,Mark Mothersbaugh
Fifty Shades of Grey,Dana Brunetti
Fifty Shades of Grey,Michael De Luca
Fifty Shades of Grey,E.L. James
Fifty Shades of Grey,Peter Schlessel
Fifty Shades of Grey,Danny Elfman
The SpongeBob Movie:Sponge Out of Water,Mary Parent
The SpongeBob Movie:Sponge Out of Water,Paul Tibbitt
The SpongeBob Movie:Sponge Out of Water,John Debney
Straight Outta Compton,Matt Alvarez
Straight Outta Compton,Ice Cube
Straight Outta Compton,Will Packer
San Andreas,Beau Flynn
San Andreas,Tripp Vinson
San Andreas,Andrew Lockington
Mad Max:Fury Road,George Miller
Mad Max:Fury Road,Junkie XL
Daddy's Home,Sean Anders
Daddy's Home,Riza Aziz
Daddy's Home,Will Ferrell
Daddy's Home,Chris Henchy
Daddy's Home,Joey McFarland
Daddy's Home,Adam McKay
The Divergent Series:Insurgent,Neil Burger
The Divergent Series:Insurgent,Lucy Fisher
The Divergent Series:Insurgent,David Hoberman
The Divergent Series:Insurgent,Douglas Wick
The Peanuts Movie,Christophe Beck
Kingsman:The Secret Service,Matthew Vaughn
Kingsman:The Secret Service,Henry Jackman
The Good Dinosaur,Jeff Danna
The Good Dinosaur,Mychael Danna
Spy,Peter Chernin
Spy,Paul Feig
Spy,Theodore Shapiro
Trainwreck,Judd Apatow
Trainwreck,Barry Mendel
Trainwreck,Jon Brion
Tomorrowland,Brad Bird
Tomorrowland,Jeffrey Chernov
Tomorrowland,Damon Lindelof
Tomorrowland,Michael Giacchino
Get Hard,Will Ferrell
Get Hard,Chris Henchy
Get Hard,Adam McKay
Get Hard,Christophe Beck
Terminator:Genisys,David Ellison
Terminator:Genisys,Megan Ellison
Terminator:Genisys,Dana Goldberg
Terminator:Genisys,Laeta Kalogridis
Terminator:Genisys,Patrick Lussier
Terminator:Genisys,Paul Schwake
Taken 3,Luc Besson
Sisters,Tina Fey
Sisters,Jay Roach
Sisters,Christophe Beck
Maze Runner:The Scorch Trials,Marty Bowen
Maze Runner:The Scorch Trials,Wyck Godfrey
Maze Runner:The Scorch Trials,John Paesano
Ted 2,Jason Clark
Ted 2,John Jacobs
Ted 2,Seth MacFarlane
Ted 2,Scott Stuber
Ted 2,Walter Murphy
Goosebumps,Danny Elfman
Pixels,Chris Columbus
Pixels,Jack Giarraputo
Pixels,Seth Gordon
Pixels,Tim Herlihy
Pixels,Heather Parry
Pixels,Adam Sandler
Pixels,Henry Jackman
Paddington,David Heyman
Paddington,Nick Urata
Bridge of Spies,Daniel Lupi
Bridge of Spies,Marc Platt
Bridge of Spies,Steven Spielberg
Bridge of Spies,Thomas Newman
Paul Blart:Mall Cop 2,Todd Garner
Paul Blart:Mall Cop 2,Kevin James
Paul Blart:Mall Cop 2,Adam Sandler
Paul Blart:Mall Cop 2,Rupert Gregson-Williams
The Big Short,Dede Gardner
The Big Short,Jeremy Kleiner
The Big Short,Brad Pitt
Magic Mike XXL,Reid Carolin
Magic Mike XXL,Gregory Jacobs
Magic Mike XXL,Steven Soderbergh
Magic Mike XXL,Channing Tatum
Magic Mike XXL,Nick Wechsler
The Visit,Jason Blum
The Visit,Steven Schneider
The Visit,M. Night Shyamalan
The Wedding Ringer,Jeremy Garelick
The Wedding Ringer,Will Packer
The Wedding Ringer,Christopher Lennertz
Black Mass,Junkie XL
Vacation,Chris Bender
Vacation,David Dobkin
Vacation,Mark Mothersbaugh
Joy,Danny Elfman
Fantastic Four,Avi Arad
Fantastic Four,Simon Kinberg
Fantastic Four,Stan Lee
Fantastic Four,Matthew Vaughn
Fantastic Four,Marco Beltrami
The Hateful Eight,Stacey Sher
The Hateful Eight,Ennio Morricone
Focus (2015),Denise Di Novi
Focus (2015),Nick Urata
Southpaw,Todd Black
Southpaw,Jason Blumenthal
Southpaw,Antoine Fuqua
Southpaw,Steve Tisch
Southpaw,James Horner
Insidious Chapter 3,Jason Blum
Insidious Chapter 3,Oren Peli
Insidious Chapter 3,Peter Schlessel
Insidious Chapter 3,Steven Schneider
Insidious Chapter 3,James Wan
Insidious Chapter 3,Joseph Bishara
Poltergeist (2015),Roy Lee
Poltergeist (2015),Sam Raimi
Poltergeist (2015),Marc Streitenfeld
Jupiter Ascending,Lilly & Lana Wachowski
Jupiter Ascending,Michael Giacchino
The Man From U.N.C.L.E.,John Davis
The Man From U.N.C.L.E.,David Dobkin
The Man From U.N.C.L.E.,Daniel Pemberton
Spotlight,Howard Shore
The Gift (2015),Jason Blum
Everest (2015),Tim Bevan
Everest (2015),Eric Fellner
Everest (2015),Dario Marianelli
The Night Before,Evan Goldberg
The Night Before,Seth Rogen
Krampus,Jon Jashni
Krampus,Thomas Tull
The Age of Adaline,Sidney Kimmel
The Age of Adaline,Gary Lucchesi
The Age of Adaline,Tom Rosenberg
The Age of Adaline,Rob Simonsen
Brooklyn,Michael Brook
The Longest Ride,Marty Bowen
The Longest Ride,Wyck Godfrey
The Longest Ride,Mark Isham
The Boy Next Door,Jason Blum
The Boy Next Door,Jennifer Lopez
The Boy Next Door,Nathan Barr
The Boy Next Door,Randy Edelman
Pan,Greg Berlanti
Hot Pursuit,Bruna Papandrea
Hot Pursuit,Reese Witherspoon
Hot Pursuit,Christophe Beck
Concussion (2015),Ridley Scott
Concussion (2015),James Newton Howard
The DUFF,McG
Woman in Gold,Hans Zimmer
The Second Best Exotic Marigold Hotel,Thomas Newman
Unfriended,Timur Bekmambetov
Unfriended,Jason Blum
Unfriended,Nelson Greaves
Entourage,Stephen Levinson
Entourage,Mark Wahlberg
Paper Towns,Marty Bowen
Paper Towns,Wyck Godfrey
Paper Towns,Scott Neustadter
Paper Towns,Michael H. Weber
Chappie,Hans Zimmer
Crimson Peak,Guillermo del Toro
Crimson Peak,Jon Jashni
Point Break (2015),Junkie XL
Sinister 2,Jason Blum
No Escape,Drew Dowdle
Ricki and the Flash,Mason Novick
Ricki and the Flash,Marc Platt
The Woman in Black 2:Angel of Death,Ryan Kavanaugh
The Woman in Black 2:Angel of Death,Tucker Tooley
Run All Night,Roy Lee
Run All Night,Michael Tadross
Run All Night,Junkie XL
The Lazarus Effect,Jason Blum
Ex Machina,Scott Rudin
The Gallows,Jason Blum
Project Almanac,Josh Appelbaum
Project Almanac,Michael Bay
Project Almanac,Andrew Form
Project Almanac,Brad Fuller
Project Almanac,Andre Nemec
Black or White,Mike Binder
Black or White,Kevin Costner
Black or White,Terence Blanchard
Aloha,Cameron Crowe
Aloha,Scott Rudin
Still Alice,Ilan Eshkeri
Paranormal Activity:The Ghost Dimension,Jason Blum
Steve Jobs,Scott Rudin
Steve Jobs,Daniel Pemberton
Mr. Holmes,Carter Burwell
Seventh Son,Jon Jashni
Seventh Son,Thomas Tull
Seventh Son,Marco Beltrami
Burnt,Michael Shamberg
Burnt,Stacey Sher
Carol,Carter Burwell
Strange Magic,George Lucas
Hot Tub Time Machine 2,Andrew Panay
Hot Tub Time Machine 2,Christophe Beck
Self/Less,Ram Bergman
Self/Less,Peter Schlessel
Self/Less,James D. Stern
The 33,James Horner
The Danish Girl,Alexandre Desplat
The Gunman,Sean Penn
The Gunman,Joel Silver
The Walk,Robert Zemeckis
Blackhat,Jon Jashni
Blackhat,Michael Mann
Blackhat,Thomas Tull
Blackhat,Harry Gregson-Williams
Blackhat,Atticus Ross
Mortdecai,Johnny Depp
Mortdecai,Andrew Lazar
Mortdecai,Gigi Pritzker
Mortdecai,Mark Ronson
Mortdecai,Geoff Zanelli
While We're Young,Noah Baumbach
While We're Young,Scott Rudin
While We're Young,James Murphy
Our Brand Is Crisis (2015),Sandra Bullock
Our Brand Is Crisis (2015),George Clooney
Our Brand Is Crisis (2015),Grant Heslov
Little Boy,Mark Burnett
The Loft,Steve Golin
Victor Frankenstein,John Davis
True Story,Dede Gardner
True Story,Jeremy Kleiner
True Story,Brad Pitt
Suffragette,Alexandre Desplat
The Water Diviner,Brett Ratner
Anomalisa,Carter Burwell
We Are Your Friends,Tim Bevan
We Are Your Friends,Eric Fellner
Chi-Raq,Spike Lee
Truth,Brian Tyler
My All American,John Paesano
Jem and the Holograms,Jason Blum
Jem and the Holograms,Scooter Braun
Jem and the Holograms,Jon Chu
Cake,Jennifer Aniston
Cake,Mark Canton
Cake,Christophe Beck
Legend,Carter Burwell
Infinitely Polar Bear,Theodore Shapiro
Child 44,Ridley Scott
Child 44,Greg Shapiro
Black Sea,Ilan Eshkeri
The Overnight,Mark Duplass
The Overnight,Adam Scott
Tangerine,Jay Duplass
Tangerine,Mark Duplass
Red Army,Christophe Beck
Freeheld,Michael Shamberg
Freeheld,Stacey Sher
Freeheld,Hans Zimmer
By the Sea,Angelina Jolie
By the Sea,Brad Pitt
Brotherly Love,Queen Latifah
Listen to Me Marlon,R.J. Cutler
Good Kill,Christophe Beck
Wolf Totem,James Horner
Stonewall (2015),Roland Emmerich
Time Out of Mind,Richard Gere
The Last 5 Years,Richard LaGravenese
Z for Zachariah,Tobey Maguire
Digging for Fire,Jake Johnson
Digging for Fire,Joe Swanberg
Only You,Rachel Portman
Shanghai,Barry Mendel
Amira & Sam,James Ponsoldt
Just Before I Go,Courteney Cox
Still Life (2015),Rachel Portman
Area 51,Jason Blum
Area 51,Oren Peli
Area 51,Steven Schneider
American Sniper,Bradley Cooper
American Sniper,Clint Eastwood
American Sniper,Jason Dean Hall
American Sniper,Andrew Lazar
American Sniper,Robert Lorenz
American Sniper,Tim Moore
The Hunger Games:Mockingjay - Part 1,Suzanne Collins
The Hunger Games:Mockingjay - Part 1,Nina Jacobson
The Hunger Games:Mockingjay - Part 1,Jon Kilik
The Hunger Games:Mockingjay - Part 1,James Newton Howard
Guardians of the Galaxy,Kevin Feige
Guardians of the Galaxy,Louis D'Esposito
Guardians of the Galaxy,Victoria Alonso
Guardians of the Galaxy,Alan Fine
Guardians of the Galaxy,Stan Lee
Guardians of the Galaxy,Nikolas Korda
Guardians of the Galaxy,Tyler Bates
Captain America:The Winter Soldier,Victoria Alonso
Captain America:The Winter Soldier,Louis D'Esposito
Captain America:The Winter Soldier,Kevin Feige
Captain America:The Winter Soldier,Alan Fine
Captain America:The Winter Soldier,Michael Grillo
Captain America:The Winter Soldier,Stan Lee
Captain America:The Winter Soldier,Henry Jackman
The LEGO Movie,Doug Davison
The LEGO Movie,Roy Lee
The LEGO Movie,Dan Lin
The LEGO Movie,Mark Mothersbaugh
The Hobbit:The Battle of the Five Armies,Peter Jackson
The Hobbit:The Battle of the Five Armies,Fran Walsh
The Hobbit:The Battle of the Five Armies,Howard Shore
Transformers:Age of Extinction,Michael Bay
Transformers:Age of Extinction,Ian Bryce
Transformers:Age of Extinction,Tom DeSanto
Transformers:Age of Extinction,Lorenzo di Bonaventura
Transformers:Age of Extinction,Don Murphy
Transformers:Age of Extinction,Steven Spielberg
Transformers:Age of Extinction,Mark Vahradian
Transformers:Age of Extinction,Steve Jablonsky
Maleficent,Don Hahn
Maleficent,Angelina Jolie
Maleficent,Joe Roth
Maleficent,James Newton Howard
X-Men:Days of Future Past,Lauren Schuler Donner
X-Men:Days of Future Past,Simon Kinberg
X-Men:Days of Future Past,Stan Lee
X-Men:Days of Future Past,Hutch Parker
X-Men:Days of Future Past,Bryan Singer
X-Men:Days of Future Past,John Ottman
Big Hero 6,John Lasseter
Big Hero 6,Henry Jackman
Dawn of the Planet of the Apes,Mark Bomback
Dawn of the Planet of the Apes,Peter Chernin
Dawn of the Planet of the Apes,Dylan Clark
Dawn of the Planet of the Apes,Thomas M. Hammel
Dawn of the Planet of the Apes,Rick Jaffa
Dawn of the Planet of the Apes,Amanda Silver
Dawn of the Planet of the Apes,Michael Giacchino
The Amazing Spider-Man 2,Avi Arad
The Amazing Spider-Man 2,Alex Kurtzman
The Amazing Spider-Man 2,Roberto Orci
The Amazing Spider-Man 2,Junkie XL
The Amazing Spider-Man 2,Hans Zimmer
Godzilla (2014),Jon Jashni
Godzilla (2014),Mary Parent
Godzilla (2014),Brian Rogers
Godzilla (2014),Thomas Tull
Godzilla (2014),Alexandre Desplat
22 Jump Street,Reid Carolin
22 Jump Street,Jonah Hill
22 Jump Street,Phil Lord
22 Jump Street,Chris Miller (II)
22 Jump Street,Neal H. Moritz
22 Jump Street,Channing Tatum
22 Jump Street,Mark Mothersbaugh
Teenage Mutant Ninja Turtles (2014),Michael Bay
Teenage Mutant Ninja Turtles (2014),Ian Bryce
Teenage Mutant Ninja Turtles (2014),Andrew Form
Teenage Mutant Ninja Turtles (2014),Brad Fuller
Teenage Mutant Ninja Turtles (2014),Scott Mednick
Teenage Mutant Ninja Turtles (2014),Brian Tyler
Interstellar,Christopher Nolan
Interstellar,Lynda Obst
Interstellar,Emma Thomas
Interstellar,Thomas Tull
Interstellar,Hans Zimmer
How to Train Your Dragon 2,Dean DeBlois
How to Train Your Dragon 2,Chris Sanders
How to Train Your Dragon 2,John Powell
Gone Girl,Cean Chaffin
Gone Girl,Arnon Milchan
Gone Girl,Bruna Papandrea
Gone Girl,Reese Witherspoon
Gone Girl,Trent Reznor
Gone Girl,Atticus Ross
Divergent,Lucy Fisher
Divergent,Douglas Wick
Divergent,Junkie XL
Neighbors,Andrew J. Cohen
Neighbors,Evan Goldberg
Neighbors,Brendan O'Brien
Neighbors,Seth Rogen
Neighbors,James Weaver
Ride Along,Matt Alvarez
Ride Along,Ice Cube
Ride Along,Will Packer
Ride Along,J.C. Spink
Ride Along,Christopher Lennertz
Rio 2,Bruce Anderson
Rio 2,John C. Donkin
Rio 2,John Powell
Into the Woods,John DeLuca
Into the Woods,Rob Marshall
Into the Woods,Marc Platt
Lucy,Virginie Silla
The Fault in our Stars,Marty Bowen
The Fault in our Stars,Wyck Godfrey
Unbroken,Jon Jashni
Unbroken,Angelina Jolie
Unbroken,Thomas Tull
Unbroken,Alexandre Desplat
Night at the Museum:Secret of the Tomb,Chris Columbus
Night at the Museum:Secret of the Tomb,Shawn Levy
Night at the Museum:Secret of the Tomb,Alan Silvestri
Mr. Peabody & Sherman,Jason Clark
Mr. Peabody & Sherman,Eric Ellenbogen
Mr. Peabody & Sherman,Denise Nolan Cascino
Mr. Peabody & Sherman,Alex Schwartz
Mr. Peabody & Sherman,Tiffany Ward
Mr. Peabody & Sherman,Danny Elfman
300:Rise of An Empire,Gianni Nunnari
300:Rise of An Empire,Mark Canton
300:Rise of An Empire,Zack Snyder
300:Rise of An Empire,Deborah Snyder
300:Rise of An Empire,Bernie Goldmann
300:Rise of An Empire,Thomas Tull
300:Rise of An Empire,Frank Miller
300:Rise of An Empire,Stephen Jones
300:Rise of An Empire,Jon Jashni
300:Rise of An Empire,Junkie XL
The Maze Runner,Marty Bowen
The Maze Runner,Wyck Godfrey
The Maze Runner,Joe Hartwick Jr.
The Maze Runner,John Paesano
The Equalizer,Todd Black
The Equalizer,Jason Blumenthal
The Equalizer,Tony Eldridge
The Equalizer,Steve Tisch
The Equalizer,Denzel Washington
The Equalizer,Richard Wenk
The Equalizer,Harry Gregson-Williams
Noah,Ari Handel
Noah,Arnon Milchan
Noah,Mary Parent
Edge of Tomorrow,Jason Hoffs
Edge of Tomorrow,Gregory Jacobs
Edge of Tomorrow,Tom Lassally
Edge of Tomorrow,Jeffrey Silver
Edge of Tomorrow,Erwin Stoff
Edge of Tomorrow,Christophe Beck
Non-Stop,Alex Heineman
Non-Stop,Joel Silver
Non-Stop,Jeff Wadlow
Non-Stop,John Ottman
Heaven is for Real,T.D. Jakes
Heaven is for Real,Joe Roth
Heaven is for Real,Nick Glennie-Smith
The Imitation Game,Nora Grossman
The Imitation Game,Graham Moore
The Imitation Game,Ido Ostrowsky
The Imitation Game,Teddy Schwarzman
The Imitation Game,Alexandre Desplat
Dumb and Dumber To,Riza Aziz
Dumb and Dumber To,The Farrelly Bros.
Dumb and Dumber To,Joey McFarland
Dumb and Dumber To,Charles B. Wessler
Annie (2014),Will Gluck
Annie (2014),Jada Pinkett-Smith
Annie (2014),Will Smith
Fury (2014),David Ayer
Fury (2014),Brad Pitt
Fury (2014),Steven Price
Tammy,Will Ferrell
Tammy,Melissa McCarthy
Tammy,Adam McKay
Annabelle,Peter Safran
Annabelle,James Wan
Annabelle,Joseph Bishara
The Other Woman (2014),Julie Yorn
The Other Woman (2014),Aaron Zigman
Penguins of Madagascar,Lara Breay
Penguins of Madagascar,Eric Darnell
Penguins of Madagascar,Tom McGrath
Penguins of Madagascar,Mireille Soria
Penguins of Madagascar,Mark Swift
Let's Be Cops,Luke Greenfield
Let's Be Cops,Simon Kinberg
Let's Be Cops,Nicholas Thomas
Let's Be Cops,Christophe Beck
The Monuments Men,George Clooney
The Monuments Men,Grant Heslov
The Monuments Men,Alexandre Desplat
Hercules (2014),Peter Berg
Hercules (2014),Beau Flynn
Hercules (2014),Stephen Jones
Hercules (2014),Brett Ratner
The Purge:Anarchy,Michael Bay
The Purge:Anarchy,Jason Blum
The Purge:Anarchy,Andrew Form
The Purge:Anarchy,Brad Fuller
The Purge:Anarchy,Nathan Whitehead
"Alexander and the Terrible, Horrible, No Good, Very Bad Day",Shawn Levy
"Alexander and the Terrible, Horrible, No Good, Very Bad Day",Christophe Beck
Think Like a Man Too,Will Packer
Think Like a Man Too,Christopher Lennertz
Exodus:Gods and Kings,Peter Chernin
Exodus:Gods and Kings,Ridley Scott
Exodus:Gods and Kings,Alberto Iglesias
The Nut Job,Graham Moloy
The Nut Job,Paul Intson
Son of God,Mark Burnett
Son of God,Hans Zimmer
The Grand Budapest Hotel,Wes Anderson
The Grand Budapest Hotel,Steven M. Rales
The Grand Budapest Hotel,Scott Rudin
The Grand Budapest Hotel,Alexandre Desplat
Planes:Fire & Rescue,John Lasseter
Planes:Fire & Rescue,Mark Mancina
RoboCop (2014),Marc Abraham
RoboCop (2014),Roger Birnbaum
RoboCop (2014),Brad Fischer
RoboCop (2014),Eric Newman
Dracula Untold,Michael De Luca
Dracula Untold,Jon Jashni
Dracula Untold,Thomas Tull
Dracula Untold,Ramin Djawadi
Horrible Bosses 2,Chris Bender
Horrible Bosses 2,Brett Ratner
Horrible Bosses 2,Jay Stern
Horrible Bosses 2,Christopher Lennertz
The Hundred-Foot Journey,Jeff Skoll
The Hundred-Foot Journey,Steven Spielberg
The Hundred-Foot Journey,A.R. Rahman
No Good Deed (2014),Idris Elba
No Good Deed (2014),Rob Hardy
No Good Deed (2014),Taraji P. Henson
No Good Deed (2014),Will Packer
No Good Deed (2014),Paul Haslinger
Selma,Ava DuVernay
Selma,Dede Gardner
Selma,Jeremy Kleiner
Selma,Brad Pitt
Muppets Most Wanted,David Hoberman
Muppets Most Wanted,Nick Stoller
Muppets Most Wanted,Christophe Beck
Ouija,Michael Bay
Ouija,Jason Blum
Ouija,Brad Fuller
Ouija,Juliet Snowden
The Boxtrolls,Travis Knight
The Boxtrolls,Dario Marianelli
Jack Ryan:Shadow Recruit,Lorenzo di Bonaventura
Jack Ryan:Shadow Recruit,Dana Goldberg
Jack Ryan:Shadow Recruit,Mark Vahradian
Jack Ryan:Shadow Recruit,Patrick Doyle
If I Stay,Denise Di Novi
If I Stay,Alison Greenspan
If I Stay,Heitor Pereira
The Book of Life (2014),Guillermo del Toro
About Last Night (2014),Will Gluck
About Last Night (2014),Will Packer
About Last Night (2014),Marcus Miller
Into The Storm,Todd Garner
Into The Storm,Brian Tyler
The Judge,David Dobkin
The Judge,Susan Downey
The Judge,"Robert Downey, Jr."
The Judge,Thomas Newman
Jersey Boys,Clint Eastwood
Jersey Boys,Tim Headington
Jersey Boys,Graham King
Jersey Boys,Robert Lorenz
Jersey Boys,Tim Moore
Jersey Boys,Brett Ratner
Blended,Jack Giarraputo
Blended,Adam Sandler
The Giver,Scooter Braun
The Giver,Jeff Bridges
The Giver,Nikki Silver
The Giver,Ralph Winter
The Giver,Marco Beltrami
St. Vincent,Don Cheadle
St. Vincent,Peter Chernin
St. Vincent,Theodore Melfi
St. Vincent,Theodore Shapiro
Need for Speed,John Gatins
Need for Speed,Tim Moore
Need for Speed,Scott Waugh
Need for Speed,Nathan Furst
A Million Ways to Die in the West,Jason Clark
A Million Ways to Die in the West,Seth MacFarlane
A Million Ways to Die in the West,Scott Stuber
John Wick,David Leitch
John Wick,Keanu Reeves
John Wick,Chad Stahelski
John Wick,Mike Witherill
Dolphin Tale 2,Broderick Johnson
Dolphin Tale 2,Andrew A. Kosove
Dolphin Tale 2,Rachel Portman
The Expendables 3,Brian Tyler
Earth to Echo,Ryan Kavanaugh
Earth to Echo,Andrew Panay
Earth to Echo,Tucker Tooley
Sex Tape,Todd Black
Sex Tape,Jason Blumenthal
Sex Tape,Steve Tisch
Wild (2014),Bruna Papandrea
Wild (2014),Reese Witherspoon
Million Dollar Arm,Joe Roth
Million Dollar Arm,A.R. Rahman
The Theory of Everything,Tim Bevan
The Theory of Everything,Eric Fellner
The Theory of Everything,Anthony McCarten
This is Where I Leave You,Shawn Levy
This is Where I Leave You,Jonathan Tropper
This is Where I Leave You,Michael Giacchino
The Gambler,Stephen Levinson
The Gambler,Mark Wahlberg
The Gambler,Irwin Winkler
The Gambler,Jon Brion
The Gambler,Theo Green
Paranormal Activity:The Marked Ones,Jason Blum
Paranormal Activity:The Marked Ones,Oren Peli
Paranormal Activity:The Marked Ones,Steven Schneider
Nightcrawler,Jennifer Fox
Nightcrawler,Tony Gilroy
Nightcrawler,Jake Gyllenhaal
Nightcrawler,James Newton Howard
Chef,Jon Favreau
Get On Up,Brian Grazer
Get On Up,Thomas Newman
3 Days to Kill,Luc Besson
3 Days to Kill,Adi Hasak
3 Days to Kill,Ryan Kavanaugh
3 Days to Kill,Virginie Silla
3 Days to Kill,Tucker Tooley
Deliver Us From Evil,Paul Harris Boardman
Deliver Us From Evil,Jerry Bruckheimer
Deliver Us From Evil,Christopher Young
When the Game Stands Tall,David Zelon
When the Game Stands Tall,John Paesano
Draft Day,Ali Bell
Draft Day,Joe Medjuck
Draft Day,Tom Pollock
Draft Day,Gigi Pritzker
Draft Day,Ivan Reitman
Draft Day,John Debney
Oculus,Marc D. Evans
Oculus,Trevor Macy
The Best of Me,Denise Di Novi
The Best of Me,Alison Greenspan
The Best of Me,Ryan Kavanaugh
The Best of Me,Tucker Tooley
The Best of Me,Aaron Zigman
A Walk Among the Tombstones,Danny DeVito
A Walk Among the Tombstones,Michael Shamberg
A Walk Among the Tombstones,Stacey Sher
A Walk Among the Tombstones,Carlos Rafael Rivera
That Awkward Moment,Scott Aversano
That Awkward Moment,Zac Efron
That Awkward Moment,Justin Nappi
That Awkward Moment,Andrew O'Connor
That Awkward Moment,Peter Schlessel
That Awkward Moment,Kevin Turen
Boyhood,Richard Linklater
Boyhood,John Sloss
Top Five,Barry Diller
Top Five,Scott Rudin
Top Five,Ludwig Goransson
Endless Love (2014),Pamela Abdy
Endless Love (2014),Josh Schwartz
Endless Love (2014),Scott Stuber
Endless Love (2014),Christophe Beck
Pompeii,Paul W.S. Anderson
Pompeii,Don Carmody
Pompeii,Peter Schlessel
Pompeii,Clinton Shorter
Transcendence,Kate Cohen
Transcendence,Broderick Johnson
Transcendence,Andrew A. Kosove
Transcendence,Dan Mintz
Transcendence,Christopher Nolan
Transcendence,Marisa Polvino
Transcendence,Aaron Ryder
Transcendence,Emma Thomas
Transcendence,David Valdes
Transcendence,Mychael Danna
As Above/So Below,Patrick Aiello
As Above/So Below,Drew Dowdle
Brick Mansions,Matt Alvarez
Brick Mansions,Luc Besson
Brick Mansions,Ryan Kavanaugh
Brick Mansions,Tucker Tooley
"I, Frankenstein",Gary Lucchesi
"I, Frankenstein",Tom Rosenberg
"I, Frankenstein",Richard Wright
The Legend of Hercules,Renny Harlin
Addicted,Paul Hall
Addicted,Aaron Zigman
A Haunted House 2,Rick Alvarez
Begin Again,Judd Apatow
Tyler Perry's The Single Moms Club,Tyler Perry
Tyler Perry's The Single Moms Club,Christopher Young
Devil's Due,John Davis
And So It Goes,Rob Reiner
And So It Goes,Marc Shaiman
Step Up All In,Jennifer Gibgot
Step Up All In,Adam Shankman
Beyond the Lights,Stephanie Allain
Beyond the Lights,Matt Alvarez
Beyond the Lights,Ryan Kavanaugh
Beyond the Lights,Tucker Tooley
Beyond the Lights,Mark Isham
America (2014),Dinesh D'Souza
America (2014),Gerald R. Molen
Frank Miller's Sin City:A Dame to Kill For,Frank Miller
Frank Miller's Sin City:A Dame to Kill For,Robert Rodriguez
Frank Miller's Sin City:A Dame to Kill For,Graeme Revell
Labor Day,Steven M. Rales
Labor Day,Jason Reitman
Labor Day,Rolfe Kent
Whiplash,Jason Blum
Whiplash,Jason Reitman
Winter's Tale,Akiva Goldsman
Winter's Tale,Marc Platt
Winter's Tale,Michael Tadross
Winter's Tale,Rupert Gregson-Williams
Winter's Tale,Hans Zimmer
Foxcatcher,Megan Ellison
Belle,Rachel Portman
The Drop,Peter Chernin
The Drop,Dylan Clark
The Drop,Marco Beltrami
Sabotage (2014),David Ayer
Sabotage (2014),Joe Roth
Sabotage (2014),Skip Woods
Sabotage (2014),David Sardy
Moms' Night Out,Andrew Erwin
Moms' Night Out,Jon Erwin
Inherent Vice,Paul Thomas Anderson
Inherent Vice,Daniel Lupi
Inherent Vice,JoAnne Sellar
Inherent Vice,Jonny Greenwood
Vampire Academy,Don Murphy
Vampire Academy,Rolfe Kent
Bad Words,Jason Bateman
Bad Words,Mason Novick
Bad Words,Rolfe Kent
The Interview (2014),James Weaver
The Interview (2014),Henry Jackman
The Skeleton Twins,Jay Duplass
The Skeleton Twins,Mark Duplass
Dear White People,Stephanie Allain
Wish I Was Here,Adam J. Braff
Wish I Was Here,Zach Braff
Wish I Was Here,Michael Shamberg
Wish I Was Here,Stacey Sher
Wish I Was Here,Rob Simonsen
Veronica Mars,Joel Silver
Before I Go To Sleep,Ridley Scott
Before I Go To Sleep,Ed Shearmur
Rosewater,Gigi Pritzker
Rosewater,Scott Rudin
Obvious Child,Elisabeth Holm
Obvious Child,Gillian Robespierre
The Identical,Howard Klausner
The Pyramid,Mark Canton
The Good Lie,Brian Grazer
The Good Lie,Ron Howard
The Good Lie,Broderick Johnson
The Good Lie,Andrew A. Kosove
Kill the Messenger,Peter Landesman
The Immigrant,James Gray
The Immigrant,Greg Shapiro
Laggies,Steve Golin
50 to 1,Jim Wilson
Third Person,Dario Marianelli
"Men, Women & Children",Jason Reitman
The Disappearance of Eleanor Rigby,Ned Benson
The Two Faces of January,Tim Bevan
The Two Faces of January,Eric Fellner
The Two Faces of January,Alberto Iglesias
Venus in Fur,Alexandre Desplat
Joe (2014),David Gordon Green
Joe (2014),Danny McBride
Joe (2014),Jeff McIlwain
Jimi:All Is By My Side,John Ridley
The Guest (2014),Keith Calder
Horns,Riza Aziz
Horns,Joey McFarland
Horns,Cathy Schulman
God's Pocket,Dean Devlin
Alan Partridge:The Movie,Ilan Eshkeri
One Chance,Simon Cowell
One Chance,Theodore Shapiro
Breathe In,Steven M. Rales
Better Living Through Chemistry,Keith Calder
Frontera,Mike Witherill
Walk of Shame,Gary Lucchesi
Walk of Shame,Tom Rosenberg
White Bird in a Blizzard,Gregg Araki
Happy Christmas,Joe Swanberg
Adult World,Justin Nappi
Video Games:The Movie,Zach Braff
A Long Way Down,Dario Marianelli
You're Not You,Denise Di Novi
You're Not You,Hilary Swank
Marius,Alexandre Desplat
Fanny,Alexandre Desplat
Anna,Jaume Collet-Serra
The Right Kind of Wrong,Rachel Portman
Postman Pat:The Movie,Rupert Gregson-Williams
The Hunger Games:Catching Fire,Nina Jacobson
The Hunger Games:Catching Fire,James Newton Howard
Iron Man 3,Victoria Alonso
Iron Man 3,Louis D'Esposito
Iron Man 3,Jon Favreau
Iron Man 3,Kevin Feige
Iron Man 3,Alan Fine
Iron Man 3,Stan Lee
Iron Man 3,Dan Mintz
Iron Man 3,Brian Tyler
Frozen,Christophe Beck
Despicable Me 2,Janet Healy
Despicable Me 2,Christopher Meledandri
Despicable Me 2,Heitor Pereira
Man of Steel,Christopher Nolan
Man of Steel,Charles Roven
Man of Steel,Deborah Snyder
Man of Steel,Emma Thomas
Man of Steel,Thomas Tull
Man of Steel,Hans Zimmer
Gravity,Alfonso Cuaron
Gravity,David Heyman
Gravity,Stephen Jones
Gravity,Steven Price
Monsters University,John Lasseter
Monsters University,Kori Rae
Monsters University,Randy Newman
The Hobbit:The Desolation of Smaug,Peter Jackson
The Hobbit:The Desolation of Smaug,Fran Walsh
The Hobbit:The Desolation of Smaug,Howard Shore
Fast & Furious 6,Vin Diesel
Fast & Furious 6,Neal H. Moritz
Fast & Furious 6,Brian Tyler*
Fast & Furious 6,Lucas Vidal
Oz The Great and Powerful,Palak Patel
Oz The Great and Powerful,Joe Roth
Oz The Great and Powerful,Danny Elfman
Star Trek Into Darkness,J.J. Abrams
Star Trek Into Darkness,Bryan Burk
Star Trek Into Darkness,Jeffrey Chernov
Star Trek Into Darkness,David Ellison
Star Trek Into Darkness,Dana Goldberg
Star Trek Into Darkness,Alex Kurtzman
Star Trek Into Darkness,Damon Lindelof
Star Trek Into Darkness,Roberto Orci
Star Trek Into Darkness,Paul Schwake
Star Trek Into Darkness,Michael Giacchino
Thor:The Dark World,Louis D'Esposito
Thor:The Dark World,Kevin Feige
Thor:The Dark World,Alan Fine
Thor:The Dark World,Stan Lee
Thor:The Dark World,Brian Tyler
World War Z,Ian Bryce
World War Z,David Ellison
World War Z,Dede Gardner
World War Z,Dana Goldberg
World War Z,Jeremy Kleiner
World War Z,Brad Pitt
World War Z,Paul Schwake
The Croods,Kristine Belson
The Croods,Jane Hartwell
The Croods,Alan Silvestri
The Heat,Peter Chernin
The Heat,Dylan Clark
We're the Millers,Chris Bender
We're the Millers,J.C. Spink
We're the Millers,Tucker Tooley
We're the Millers,Ludwig Goransson
We're the Millers,Theodore Shapiro
American Hustle,Bradley Cooper
American Hustle,Megan Ellison
American Hustle,Charles Roven
American Hustle,Eric Warren Singer
American Hustle,Danny Elfman
The Great Gatsby (2013),Douglas Wick
The Conjuring,Rob Cowan
The Conjuring,Tony DeRosa-Grund
The Conjuring,Peter Safran
The Conjuring,Joseph Bishara
Identity Thief,Pamela Abdy
Identity Thief,Jason Bateman
Identity Thief,Scott Stuber
Identity Thief,Christopher Lennertz
Grown Ups 2,Jack Giarraputo
Grown Ups 2,Adam Sandler
The Wolverine,Lauren Schuler Donner
The Wolverine,Hugh Jackman
The Wolverine,Stan Lee
The Wolverine,Hutch Parker
The Wolverine,Marco Beltrami
Anchorman 2:The Legend Continues,Judd Apatow
Anchorman 2:The Legend Continues,Will Ferrell
Anchorman 2:The Legend Continues,Adam McKay
Lone Survivor,Randall Emmett
Lone Survivor,George Furla
Lone Survivor,Stephen Levinson
Lone Survivor,Steven Saxton
G.I. Joe:Retaliation,Gary Barber
G.I. Joe:Retaliation,Roger Birnbaum
G.I. Joe:Retaliation,Lorenzo di Bonaventura
G.I. Joe:Retaliation,David Ellison
G.I. Joe:Retaliation,Paul Schwake
G.I. Joe:Retaliation,Stephen Sommers
G.I. Joe:Retaliation,Henry Jackman
Cloudy with a Chance of Meatballs 2,Mark Mothersbaugh
Now You See Me,Bobby Cohen
Now You See Me,Brian Tyler
The Wolf of Wall Street,Riza Aziz
The Wolf of Wall Street,Leonardo DiCaprio
The Wolf of Wall Street,Joey McFarland
The Wolf of Wall Street,Martin Scorsese
The Wolf of Wall Street,Irwin Winkler
The Wolf of Wall Street,Howard Shore
Lee Daniels' The Butler,Lee Daniels
Lee Daniels' The Butler,Danny Strong
Lee Daniels' The Butler,Laura Ziskin
The Hangover Part III,Scott Budnick
The Hangover Part III,Todd Phillips
The Hangover Part III,J.C. Spink
The Hangover Part III,Thomas Tull
The Hangover Part III,Christophe Beck
Epic,Danny Elfman
Captain Phillips,Dana Brunetti
Captain Phillips,Michael De Luca
Captain Phillips,Scott Rudin
Captain Phillips,Kevin Spacey
Captain Phillips,Henry Jackman
Jackass Presents:Bad Grandpa,Spike Jonze
Jackass Presents:Bad Grandpa,Johnny Knoxville
Jackass Presents:Bad Grandpa,Jeff Tremaine
Pacific Rim,Jon Jashni
Pacific Rim,Mary Parent
Pacific Rim,Thomas Tull
Pacific Rim,Ramin Djawadi
This is the End,Evan Goldberg
This is the End,Seth Rogen
This is the End,James Weaver
This is the End,Henry Jackman
Olympus Has Fallen,Peter Schlessel
Olympus Has Fallen,Trevor Morris
42,Jason Clark
42,Jon Jashni
42,Thomas Tull
42,Mark Isham
Elysium,Simon Kinberg
Planes,Mark Mancina
The Lone Ranger,Jerry Bruckheimer
The Lone Ranger,Johnny Depp
The Lone Ranger,Eric Ellenbogen
The Lone Ranger,Terry Rossio
The Lone Ranger,Gore Verbinski
The Lone Ranger,Hans Zimmer
Oblivion,Peter Chernin
Oblivion,Dylan Clark
Oblivion,Joseph Kosinski
Insidious Chapter 2,Jason Blum
Insidious Chapter 2,Brian Kavanaugh-Jones
Insidious Chapter 2,Oren Peli
Insidious Chapter 2,Joseph Bishara
Saving Mr. Banks,Thomas Newman
Turbo,Lisa Stewart
Turbo,Henry Jackman
2 Guns,Randall Emmett
2 Guns,George Furla
2 Guns,Marc Platt
2 Guns,Steven Saxton
2 Guns,Clinton Shorter
White House Down,Reid Carolin
White House Down,Roland Emmerich
White House Down,Brad Fischer
White House Down,Larry J. Franco
White House Down,Laeta Kalogridis
White House Down,Harald Kloser
White House Down,James Vanderbilt
White House Down,Harald Kloser
White House Down,Thomas Wander
Mama,J. Miles Dale
Mama,Guillermo del Toro
Mama,Barbara Muschietti
Safe Haven,Marty Bowen
Safe Haven,Wyck Godfrey
Safe Haven,Ryan Kavanaugh
Safe Haven,Tucker Tooley
Safe Haven,Deborah Lurie
The Smurfs 2,Jordan Kerner
The Smurfs 2,Heitor Pereira
The Best Man Holiday,Malcolm D. Lee
Percy Jackson:Sea of Monsters,Chris Columbus
Percy Jackson:Sea of Monsters,Karen Rosenfelt
Percy Jackson:Sea of Monsters,Andrew Lockington
A Good Day to Die Hard,Wyck Godfrey
A Good Day to Die Hard,Jason Keller
A Good Day to Die Hard,Bruce Willis
A Good Day to Die Hard,Alex Young
A Good Day to Die Hard,Marco Beltrami
Warm Bodies,David Hoberman
Warm Bodies,Bruna Papandrea
Warm Bodies,Marco Beltrami
Jack the Giant Slayer,Jon Jashni
Jack the Giant Slayer,Neal H. Moritz
Jack the Giant Slayer,John Ottman
The Purge,Michael Bay
The Purge,Jason Blum
The Purge,Andrew Form
The Purge,Brad Fuller
The Purge,Nathan Whitehead
Last Vegas,Amy Baer
Last Vegas,Laurence Mark
Last Vegas,Mark Mothersbaugh
Ender's Game,Gigi Pritzker
Prisoners,Broderick Johnson
Prisoners,Andrew A. Kosove
Prisoners,Stephen Levinson
After Earth,Jada Pinkett-Smith
After Earth,M. Night Shyamalan
After Earth,Will Smith
After Earth,James Newton Howard
The Secret Life of Walter Mitty,Ben Stiller
The Secret Life of Walter Mitty,Gore Verbinski
The Secret Life of Walter Mitty,Theodore Shapiro
Escape From Planet Earth,Aaron Zigman
12 Years a Slave,Dede Gardner
12 Years a Slave,Jeremy Kleiner
12 Years a Slave,Steve McQueen (II)
12 Years a Slave,Arnon Milchan
12 Years a Slave,Brad Pitt
12 Years a Slave,John Ridley
12 Years a Slave,Hans Zimmer
Free Birds,Craig Mazin
Hansel and Gretel:Witch Hunters,Will Ferrell
Hansel and Gretel:Witch Hunters,Beau Flynn
Hansel and Gretel:Witch Hunters,Chris Henchy
Hansel and Gretel:Witch Hunters,Adam McKay
Hansel and Gretel:Witch Hunters,Denis L. Stewart
Hansel and Gretel:Witch Hunters,Atli Orvarsson
Evil Dead (2013),Sam Raimi
Evil Dead (2013),Peter Schlessel
Red 2,Lorenzo di Bonaventura
Red 2,Mark Vahradian
Red 2,Alan Silvestri
Tyler Perry's A Madea Christmas,Tyler Perry
Tyler Perry's A Madea Christmas,Christopher Young
Tyler Perry's Temptation:Confessions of a Marriage Counselor,Ozzie Areu
Tyler Perry's Temptation:Confessions of a Marriage Counselor,Paul Hall
Tyler Perry's Temptation:Confessions of a Marriage Counselor,Aaron Zigman
Pain and Gain,Michael Bay
Pain and Gain,Ian Bryce
Pain and Gain,Steve Jablonsky
Gangster Squad,Ruben Fleischer
Gangster Squad,Dan Lin
Gangster Squad,Kevin McCormick
Gangster Squad,Michael Tadross
Gangster Squad,Steve Jablonsky
The Internship,Shawn Levy
The Internship,Arnon Milchan
The Internship,Scott Stuber
The Internship,Vince Vaughn
The Internship,Christophe Beck
Snitch,Justin Haythe
Snitch,Dwayne Johnson
Riddick,Vin Diesel
A Haunted House,Rick Alvarez
A Haunted House,Brian Kavanaugh-Jones
A Haunted House,Marlon Wayans
47 Ronin,Pamela Abdy
47 Ronin,Erwin Stoff
47 Ronin,Scott Stuber
47 Ronin,Ilan Eshkeri
August:Osage County,George Clooney
August:Osage County,Grant Heslov
Philomena,Steve Coogan
Philomena,Alexandre Desplat
The Family (2013),Luc Besson
The Family (2013),Ryan Kavanaugh
The Family (2013),Martin Scorsese
The Family (2013),Virginie Silla
The Family (2013),Tucker Tooley
Carrie (2013),J. Miles Dale
Carrie (2013),Kevin Misher
Texas Chainsaw 3D,John Frizzell
R.I.P.D.,David Dobkin
R.I.P.D.,Neal H. Moritz
R.I.P.D.,Christophe Beck
Kevin Hart:Let Me Explain,Kevin Hart
Side Effects (2013),Scott Z. Burns
Side Effects (2013),Lorenzo di Bonaventura
Side Effects (2013),Gregory Jacobs
Side Effects (2013),James D. Stern
Side Effects (2013),Thomas Newman
Scary Movie 5,David Zucker
The Mortal Instruments:City of Bones,Don Carmody
The Mortal Instruments:City of Bones,Robert Kulzer
The Mortal Instruments:City of Bones,Atli Orvarsson
Delivery Man,Scott Mednick
Delivery Man,Jon Brion
Grudge Match,Bill Gerber
Grudge Match,Peter Segal
Grudge Match,Trevor Rabin
One Direction:This is Us,Simon Cowell
One Direction:This is Us,Morgan Spurlock
Kick-Ass 2,Mark Millar
Kick-Ass 2,Brad Pitt
Kick-Ass 2,Matthew Vaughn
Kick-Ass 2,Henry Jackman
Rush (2013),Eric Fellner
Rush (2013),Brian Grazer
Rush (2013),Ron Howard
Rush (2013),Hans Zimmer
The Host (2013),Stephenie Meyer
The Host (2013),Nick Wechsler
The World's End,Tim Bevan
The World's End,Eric Fellner
The World's End,Steven Price
21 and Over,David Hoberman
21 and Over,Ryan Kavanaugh
21 and Over,Jon Lucas
21 and Over,Scott Moore
21 and Over,Tucker Tooley
21 and Over,Lyle Workman
Her (2013),Megan Ellison
Her (2013),Spike Jonze
Her (2013),Daniel Lupi
Escape Plan,Mark Canton
Escape Plan,Randall Emmett
Escape Plan,George Furla
Escape Plan,Alex Heffes
Don Jon,Ram Bergman
The Incredible Burt Wonderstone,Chris Bender
The Incredible Burt Wonderstone,J.C. Spink
The Incredible Burt Wonderstone,Lyle Workman
The Big Wedding,Justin Zackham
The Big Wedding,Nathan Barr
Mud,Aaron Ryder
Baggage Claim,Aaron Zigman
"The Way, Way Back",Gigi Pritzker
The Book Thief,John Williams
Homefront,Sylvester Stallone
Homefront,Mark Isham
Broken City,Randall Emmett
Broken City,George Furla
Broken City,Allen Hughes
Broken City,Stephen Levinson
Broken City,Arnon Milchan
Broken City,Teddy Schwarzman
Broken City,Mark Wahlberg
Broken City,Atticus Ross
Beautiful Creatures (2013),Broderick Johnson
Beautiful Creatures (2013),Andrew A. Kosove
Beautiful Creatures (2013),Molly Smith
Beautiful Creatures (2013),Erwin Stoff
Beautiful Creatures (2013),David Valdes
Beautiful Creatures (2013),Thenewno2
Runner Runner,Leonardo DiCaprio
Runner Runner,Brian Koppelman
Runner Runner,Arnon Milchan
Runner Runner,Michael Shamberg
Runner Runner,Stacey Sher
Runner Runner,Christophe Beck
You're Next,Keith Calder
Quartet,Dustin Hoffman
Quartet,Dario Marianelli
Admission,Paul Weitz
Admission,Stephen Trask
Parker,Taylor Hackford
Parker,Sidney Kimmel
Parker,Peter Schlessel
Parker,David Buckley
Dark Skies,Jason Blum
Dark Skies,Brian Kavanaugh-Jones
Dark Skies,Joseph Bishara
The Counselor,Ridley Scott
The Counselor,Nick Wechsler
The Counselor,Daniel Pemberton
Jobs,John Debney
Fruitvale Station,Forest Whitaker
Fruitvale Station,Ludwig Goransson
About Time,Tim Bevan
About Time,Eric Fellner
The Last Exorcism Part II,Marc Abraham
The Last Exorcism Part II,Eric Newman
The Last Exorcism Part II,Eli Roth
The Last Exorcism Part II,Michael Wandmacher
Inside Llewyn Davis,Ethan Coen
Inside Llewyn Davis,Joel Coen
Inside Llewyn Davis,Scott Rudin
The Last Stand,Lorenzo di Bonaventura
Out of the Furnace,Riza Aziz
Out of the Furnace,Leonardo DiCaprio
Out of the Furnace,Ryan Kavanaugh
Out of the Furnace,Joey McFarland
Out of the Furnace,Ridley Scott
Out of the Furnace,Tony Scott
Out of the Furnace,Tucker Tooley
Dead Man Down,Brian Kavanaugh-Jones
Dead Man Down,Neal H. Moritz
Dead Man Down,Peter Schlessel
Dead Man Down,J.H. Wyman
Getaway (2013),Joel Silver
Getaway (2013),Courtney Solomon
Getaway (2013),Justin Caine Burnett
Bullet to the Head,Brian Kavanaugh-Jones
Bullet to the Head,Joel Silver
Bullet to the Head,Steve Mazzaro
Tyler Perry Presents Peeples,Stephanie Allain
Tyler Perry Presents Peeples,Ozzie Areu
Tyler Perry Presents Peeples,Paul Hall
Tyler Perry Presents Peeples,Tyler Perry
Tyler Perry Presents Peeples,Aaron Zigman
Battle of the Year,Beau Flynn
Battle of the Year,Will Packer
Battle of the Year,Christopher Lennertz
Movie 43,Ryan Kavanaugh
Movie 43,Tucker Tooley
Movie 43,Christophe Beck
Before Midnight,Richard Linklater
Before Midnight,John Sloss
Machete Kills,Robert Rodriguez
Paranoia,Ryan Kavanaugh
Paranoia,Tucker Tooley
Paranoia,Junkie XL
Black Nativity,T.D. Jakes
The Spectacular Now,Scott Neustadter
The Spectacular Now,Michael H. Weber
The Grandmaster,Wong Kar Wai
All Is Lost,Justin Nappi
All Is Lost,Teddy Schwarzman
All Is Lost,Kevin Turen
Believe,Justin Bieber
Believe,Scooter Braun
Closed Circuit,Tim Bevan
Closed Circuit,Eric Fellner
Closed Circuit,Joby Talbot
The Company You Keep,Robert Redford
The Company You Keep,Cliff Martinez
The To-Do List,Tom Lassally
Emperor,Alex Heffes
Stand Up Guys,Sidney Kimmel
Stand Up Guys,Gary Lucchesi
Stand Up Guys,Tom Rosenberg
Stand Up Guys,Lyle Workman
The Fifth Estate,Steve Golin
The Fifth Estate,Jeff Skoll
The Fifth Estate,Carter Burwell
Trance,Steven M. Rales
The East,Brit Marling
The East,Ridley Scott
Oldboy (2013),Doug Davison
Oldboy (2013),Roy Lee
Oldboy (2013),Peter Schlessel
Austenland,Stephenie Meyer
Austenland,Ilan Eshkeri
Stoker,Steven M. Rales
Girl Most Likely,Steve Golin
Girl Most Likely,Kristen Wiig
I'm So Excited,Alberto Iglesias
The Kings of Summer,Jordan Vogt-Roberts
The Invisible Woman,Ilan Eshkeri
What Maisie Knew,Nick Urata
Thanks for Sharing,Edward Norton
Thanks for Sharing,Christopher Lennertz
Only God Forgives,Ryan Gosling
Only God Forgives,Cliff Martinez
Parkland,James Newton Howard
The Inevitable Defeat of Mister and Pete,"George Tillman, Jr."
The Inevitable Defeat of Mister and Pete,Mark Isham
Dirty Wars,Randall Wallace
At Any Price,Justin Nappi
At Any Price,Teddy Schwarzman
At Any Price,Kevin Turen
Drinking Buddies,Joe Swanberg
Drinking Buddies,Mike Witherill
A Place at the Table,Jeff Skoll
Arthur Newman,Nick Urata
A.C.O.D.,Teddy Schwarzman
A.C.O.D.,Nick Urata
LUV,Steven Saxton
John Dies at the End,Brian Tyler
Spinning Plates,Ed Shearmur
Stuck in Love,Josh Boone
Leonie,Patrick Aiello
A Glimpse Inside the Mind of Charles Swan III,Roman Coppola
Killing Season,Christopher Young
Redemption (2013),Dario Marianelli
I Give It a Year,Tim Bevan
I Give It a Year,Eric Fellner
I Give It a Year,Ilan Eshkeri
Hunky Dory,Joby Talbot
Love and Honor (2013),Alex Heffes
Dealin' With Idiots,John Sloss
Violet & Daisy,Geoffrey Fletcher
The Monk,Alberto Iglesias
Charlie Countryman,Christophe Beck
Welcome to Pine Hill,Elisabeth Holm
As Cool As I Am,Christopher Lennertz
The Lesser Blessed,Paul Intson
Java Heat,Justin Caine Burnett
Marvel's The Avengers,Victoria Alonso
Marvel's The Avengers,Louis D'Esposito
Marvel's The Avengers,Jon Favreau
Marvel's The Avengers,Kevin Feige
Marvel's The Avengers,Alan Fine
Marvel's The Avengers,Stan Lee
Marvel's The Avengers,Patricia Whitcher
Marvel's The Avengers,Alan Silvestri
The Dark Knight Rises,Christopher Nolan
The Dark Knight Rises,Charles Roven
The Dark Knight Rises,Emma Thomas
The Dark Knight Rises,Thomas Tull
The Dark Knight Rises,Hans Zimmer
The Hunger Games,Robin Bissell
The Hunger Games,Suzanne Collins
The Hunger Games,Nina Jacobson
The Hunger Games,Jon Kilik
The Hunger Games,James Newton Howard
Skyfall,Barbara Broccoli
Skyfall,Michael G. Wilson
Skyfall,Thomas Newman
The Hobbit:An Unexpected Journey,Peter Jackson
The Hobbit:An Unexpected Journey,Fran Walsh
The Hobbit:An Unexpected Journey,Howard Shore
The Twilight Saga:Breaking Dawn Part 2,Marty Bowen
The Twilight Saga:Breaking Dawn Part 2,Wyck Godfrey
The Twilight Saga:Breaking Dawn Part 2,Stephenie Meyer
The Twilight Saga:Breaking Dawn Part 2,Karen Rosenfelt
The Twilight Saga:Breaking Dawn Part 2,Carter Burwell
The Amazing Spider-Man,Avi Arad
The Amazing Spider-Man,Michael Grillo
The Amazing Spider-Man,Stan Lee
The Amazing Spider-Man,Laura Ziskin
The Amazing Spider-Man,James Horner
Brave,Pete Docter
Brave,John Lasseter
Brave,Andrew Stanton
Brave,Patrick Doyle
Ted,Jason Clark
Ted,John Jacobs
Ted,Seth MacFarlane
Ted,Scott Stuber
Ted,Wellesley Wild
Ted,Walter Murphy
Madagascar 3:Europe's Most Wanted,Mireille Soria
Madagascar 3:Europe's Most Wanted,Mark Swift
Madagascar 3:Europe's Most Wanted,Hans Zimmer
Dr. Seuss' The Lorax,Janet Healy
Dr. Seuss' The Lorax,Christopher Meledandri
Dr. Seuss' The Lorax,John Powell
Wreck-It Ralph,John Lasseter
Wreck-It Ralph,Henry Jackman
Lincoln,Kathleen Kennedy
Lincoln,Daniel Lupi
Lincoln,Jeff Skoll
Lincoln,Steven Spielberg
Lincoln,John Williams
MIB 3,Steven Spielberg
MIB 3,Danny Elfman
Django Unchained,Michael Shamberg
Django Unchained,Stacey Sher
Ice Age:Continental Drift,John C. Donkin
Ice Age:Continental Drift,John Powell
Snow White and the Huntsman,Sam Mercer
Snow White and the Huntsman,Palak Patel
Snow White and the Huntsman,Joe Roth
Snow White and the Huntsman,James Newton Howard
Les Miserables (2012),Tim Bevan
Les Miserables (2012),Eric Fellner
Hotel Transylvania,Michelle Murdocca
Hotel Transylvania,Adam Sandler
Hotel Transylvania,Robert Smigel
Hotel Transylvania,Mark Mothersbaugh
Taken 2,Luc Besson
21 Jump Street,Jonah Hill
21 Jump Street,Neal H. Moritz
21 Jump Street,Channing Tatum
21 Jump Street,Mark Mothersbaugh
Argo,Ben Affleck
Argo,George Clooney
Argo,Tim Headington
Argo,Grant Heslov
Argo,Graham King
Argo,David Klawans
Argo,Alexandre Desplat
Prometheus,Damon Lindelof
Prometheus,Ridley Scott
Prometheus,Tony Scott
Prometheus,Marc Streitenfeld
Safe House,Scott Aversano
Safe House,Marc D. Evans
Safe House,Trevor Macy
Safe House,Scott Stuber
Safe House,Ramin Djawadi
The Vow,Gary Barber
The Vow,Roger Birnbaum
The Vow,J. Miles Dale
The Vow,Jonathan Glickman
The Vow,Paul Taublieb
The Vow,Michael Brook
The Vow,Rachel Portman
Life of Pi,Ang Lee
Life of Pi,Mychael Danna
Magic Mike,Reid Carolin
Magic Mike,Gregory Jacobs
Magic Mike,Channing Tatum
Magic Mike,Nick Wechsler
The Bourne Legacy,Patrick Crowley
The Bourne Legacy,Jennifer Fox
The Bourne Legacy,Frank Marshall
The Bourne Legacy,James Newton Howard
Journey 2:The Mysterious Island,Beau Flynn
Journey 2:The Mysterious Island,Charlotte Huggins
Journey 2:The Mysterious Island,Tripp Vinson
Journey 2:The Mysterious Island,Andrew Lockington
Rise of the Guardians,Guillermo del Toro
Rise of the Guardians,Gary Goetzman
Rise of the Guardians,Alexandre Desplat
Zero Dark Thirty,Kathryn Bigelow
Zero Dark Thirty,Mark Boal
Zero Dark Thirty,Megan Ellison
Zero Dark Thirty,Greg Shapiro
Zero Dark Thirty,Alexandre Desplat
Flight,Alan Silvestri
Think Like a Man,Rob Hardy
Think Like a Man,Will Packer
Think Like a Man,Christopher Lennertz
The Campaign,Will Ferrell
The Campaign,Zach Galifianakis
The Campaign,Chris Henchy
The Campaign,Adam McKay
The Campaign,Jay Roach
The Campaign,Theodore Shapiro
The Expendables 2,Brian Tyler
Wrath of the Titans,Jon Jashni
Wrath of the Titans,Polly Johnsen
Wrath of the Titans,Louis Leterrier
Wrath of the Titans,Thomas Tull
Wrath of the Titans,Javier Navarette
Jack Reacher,Tom Cruise
Jack Reacher,David Ellison
Jack Reacher,Dana Goldberg
Jack Reacher,Paul Schwake
Jack Reacher,Paula Wagner
Dark Shadows,Johnny Depp
Dark Shadows,Nigel Gostelow
Dark Shadows,Tim Headington
Dark Shadows,Graham King
Dark Shadows,Danny Elfman
Parental Guidance,Peter Chernin
Parental Guidance,Billy Crystal
Parental Guidance,Marc Shaiman
John Carter,Colin Wilson
John Carter,Michael Giacchino
Act of Valor,Jason Clark
Act of Valor,Ryan Kavanaugh
Act of Valor,Mike McCoy
Act of Valor,Tucker Tooley
Act of Valor,Scott Waugh
Act of Valor,Nathan Furst
This Is 40,Judd Apatow
This Is 40,Barry Mendel
This Is 40,Clayton Townsend
This Is 40,Jon Brion
Contraband,Tim Bevan
Contraband,Eric Fellner
Contraband,Bill Johnson
Contraband,Baltasar Kormakur
Contraband,Stephen Levinson
Contraband,Mark Wahlberg
Contraband,Clinton Shorter
Looper,Ram Bergman
Looper,Joseph Gordon-Levitt
Looper,Dan Mintz
Looper,Peter Schlessel
Looper,James D. Stern
Looper,Nathan Johnson
Tyler Perry's Madea's Witness Protection,Ozzie Areu
Tyler Perry's Madea's Witness Protection,Paul Hall
Tyler Perry's Madea's Witness Protection,Tyler Perry
Tyler Perry's Madea's Witness Protection,Aaron Zigman
Battleship,Peter Berg
Battleship,Scott Stuber
Battleship,Steve Jablonsky
Pitch Perfect,Elizabeth Banks
Pitch Perfect,Paul Brooks
Pitch Perfect,Max Handelman
Pitch Perfect,Scott Niemeyer
Pitch Perfect,Christophe Beck
Mirror Mirror,Bernie Goldmann
Mirror Mirror,Ryan Kavanaugh
Mirror Mirror,Kevin Misher
Mirror Mirror,Brett Ratner
Mirror Mirror,Tucker Tooley
Mirror Mirror,Alan Menken
Chronicle (2012),John Davis
Hope Springs,Todd Black
Hope Springs,Jason Blumenthal
Hope Springs,Steve Tisch
Hope Springs,Theodore Shapiro
Underworld Awakening,Gary Lucchesi
Underworld Awakening,Tom Rosenberg
Underworld Awakening,Len Wiseman
Underworld Awakening,Richard Wright
Underworld Awakening,Paul Haslinger
The Lucky One,Denise Di Novi
The Lucky One,Alison Greenspan
The Lucky One,Kevin McCormick
The Lucky One,Mark Isham
The Dictator,Alec Berg
The Dictator,Sacha Baron Cohen
The Dictator,David Mandel
The Dictator,Scott Rudin
The Dictator,Jeff Schaffer
The Dictator,Erran Baron Cohen
Total Recall (2012),Toby Jaffe
Total Recall (2012),Neal H. Moritz
Total Recall (2012),Harry Gregson-Williams
American Reunion,Chris Moore
American Reunion,Chris Weitz
American Reunion,Paul Weitz
American Reunion,Lyle Workman
ParaNorman,Travis Knight
ParaNorman,Jon Brion
This Means War,Simon Kinberg
This Means War,James Lassiter
This Means War,Robert Simonds
This Means War,Will Smith
This Means War,Lisa Stewart
This Means War,Christophe Beck
Project X,Scott Budnick
Project X,Alex Heineman
Project X,John Hillcoat
Project X,Todd Phillips
Project X,Joel Silver
The Woman in Black,Roy Lee
The Woman in Black,Marco Beltrami
Paranormal Activity 4,Jason Blum
Paranormal Activity 4,Akiva Goldsman
Paranormal Activity 4,Oren Peli
The Devil Inside,Lorenzo di Bonaventura
The Devil Inside,Matthew Peterman
The Devil Inside,Steven Schneider
The Devil Inside,Mark Vahradian
The Odd Life of Timothy Green,Geoff Zanelli
Ghost Rider:Spirit of Vengeance,Avi Arad
Ghost Rider:Spirit of Vengeance,Michael De Luca
Ghost Rider:Spirit of Vengeance,David S. Goyer
Ghost Rider:Spirit of Vengeance,Mark Steven Johnson
Ghost Rider:Spirit of Vengeance,David Sardy
The Grey,Joe Carnahan
The Grey,Ridley Scott
The Grey,Tony Scott
The Grey,Marc Streitenfeld
Red Tails,George Lucas
Red Tails,Rick McCallum
Red Tails,Terence Blanchard
The Possession,Sam Raimi
The Possession,Peter Schlessel
Diary of a Wimpy Kid:Dog Days,Nina Jacobson
Diary of a Wimpy Kid:Dog Days,Ed Shearmur
Sinister,Jason Blum
Sinister,Brian Kavanaugh-Jones
Sinister,Christopher Young
The Best Exotic Marigold Hotel,Jeff Skoll
The Best Exotic Marigold Hotel,Thomas Newman
Moonrise Kingdom,Wes Anderson
Moonrise Kingdom,Steven M. Rales
Moonrise Kingdom,Scott Rudin
Moonrise Kingdom,Alexandre Desplat
Here Comes the Boom,Todd Garner
Here Comes the Boom,Kevin James
Here Comes the Boom,Rupert Gregson-Williams
Red Dawn (2012),Beau Flynn
Red Dawn (2012),Tripp Vinson
The Three Stooges,The Farrelly Bros.
The Three Stooges,Bradley Thomas
The Three Stooges,Charles B. Wessler
The Three Stooges,John Debney
Resident Evil:Retribution,Paul W.S. Anderson
Resident Evil:Retribution,Don Carmody
Resident Evil:Retribution,tomandandy
The Cabin in the Woods,Jason Clark
The Cabin in the Woods,Joss Whedon
The Cabin in the Woods,David Julyan
What to Expect When You're Expecting,Mark Mothersbaugh
End of Watch,David Ayer
End of Watch,Randall Emmett
End of Watch,George Furla
End of Watch,David Sardy
Rock of Ages,Chris D'Arienzo
Rock of Ages,Jennifer Gibgot
Rock of Ages,Tobey Maguire
Rock of Ages,Adam Shankman
Abraham Lincoln:Vampire Hunter,Timur Bekmambetov
Abraham Lincoln:Vampire Hunter,Tim Burton
Abraham Lincoln:Vampire Hunter,Seth Grahame-Smith
Abraham Lincoln:Vampire Hunter,Simon Kinberg
Abraham Lincoln:Vampire Hunter,Henry Jackman
Lawless,Megan Ellison
Lawless,Nick Cave
Lawless,Warren Ellis
The Guilt Trip,David Ellison
The Guilt Trip,Dan Fogelman
The Guilt Trip,Evan Goldberg
The Guilt Trip,Lorne Michaels
The Guilt Trip,Seth Rogen
The Guilt Trip,Paul Schwake
The Guilt Trip,Barbra Streisand
The Guilt Trip,Christophe Beck
That's My Boy,Jack Giarraputo
That's My Boy,Tim Herlihy
That's My Boy,Heather Parry
That's My Boy,Adam Sandler
That's My Boy,Rupert Gregson-Williams
Trouble with the Curve,Clint Eastwood
Trouble with the Curve,Robert Lorenz
Trouble with the Curve,Tim Moore
Trouble with the Curve,Michelle Weisler
Trouble with the Curve,Marco Beltrami
The Watch,Shawn Levy
The Watch,Christophe Beck
Frankenweenie,Tim Burton
Frankenweenie,Don Hahn
Frankenweenie,Danny Elfman
Step Up Revolution,Jennifer Gibgot
Step Up Revolution,Aaron Zigman
Tyler Perry's Good Deeds,Ozzie Areu
Tyler Perry's Good Deeds,Paul Hall
Tyler Perry's Good Deeds,Tyler Perry
Tyler Perry's Good Deeds,Aaron Zigman
2016 Obama's America,Gerald R. Molen
House at the End of The Street,Ryan Kavanaugh
House at the End of The Street,Aaron Ryder
House at the End of The Street,Tucker Tooley
House at the End of The Street,Theo Green
The Pirates! Band of Misfits,Peter Lord
The Pirates! Band of Misfits,Theodore Shapiro
Joyful Noise,Broderick Johnson
Joyful Noise,Andrew A. Kosove
Joyful Noise,Mervyn Warren
Chimpanzee,Don Hahn
The Five-Year Engagement,Judd Apatow
The Five-Year Engagement,Rodney Rothman
The Five-Year Engagement,Jason Segel
The Five-Year Engagement,Nick Stoller
Cloud Atlas,Tom Tykwer
Cloud Atlas,Lilly & Lana Wachowski
Cloud Atlas,Tom Tykwer
One For the Money,Katherine Heigl
One For the Money,Sidney Kimmel
One For the Money,Gary Lucchesi
One For the Money,Tom Rosenberg
One For the Money,Deborah Lurie
Alex Cross,Randall Emmett
Alex Cross,George Furla
Alex Cross,John Debney
Katy Perry:Part of Me,Deborah Lurie
Sparkle (2012),Whitney Houston
Sparkle (2012),T.D. Jakes
Sparkle (2012),Salaam Remi
Premium Rush,Gavin Polone
Premium Rush,David Sardy
Big Miracle,Tim Bevan
Big Miracle,Eric Fellner
Big Miracle,Steve Golin
Big Miracle,Cliff Eidelman
The Secret World of Arrietty,Hayao Miyazaki
Haywire,Gregory Jacobs
Haywire,Ryan Kavanaugh
Haywire,Tucker Tooley
Haywire,David Holmes
Man on a Ledge,Lorenzo di Bonaventura
Man on a Ledge,Mark Vahradian
Man on a Ledge,Henry Jackman
A Thousand Words,Steve Koren
A Thousand Words,Brian Robbins
A Thousand Words,John Debney
Chernobyl Diaries,Rob Cowan
Chernobyl Diaries,Broderick Johnson
Chernobyl Diaries,Andrew A. Kosove
Chernobyl Diaries,Oren Peli
The Perks of Being a Wallflower,Stephen Chbosky
The Perks of Being a Wallflower,John Malkovich
The Perks of Being a Wallflower,Michael Brook
Silent Hill:Revelation 3D,Don Carmody
Wanderlust,Judd Apatow
Wanderlust,Paul Rudd
Wanderlust,David Wain
Wanderlust,Craig Wedren
Safe (2012),Lawrence Bender
Safe (2012),Dana Brunetti
Safe (2012),Brian Kavanaugh-Jones
Safe (2012),Kevin Spacey
Safe (2012),Mark Mothersbaugh
The Master,Paul Thomas Anderson
The Master,Megan Ellison
The Master,Daniel Lupi
The Master,JoAnne Sellar
The Master,Jonny Greenwood
The Raven,Marc D. Evans
The Raven,Trevor Macy
The Raven,Aaron Ryder
The Raven,James D. Stern
The Raven,Lucas Vidal
The Man with the Iron Fists,Marc Abraham
The Man with the Iron Fists,Eric Newman
The Man with the Iron Fists,Eli Roth
Killing Them Softly,Megan Ellison
Killing Them Softly,Dede Gardner
Killing Them Softly,Brad Pitt
Lockout,Luc Besson
Lockout,Alexandre Azaria
Hit and Run,Andrew Panay
Hit and Run,Robert Mervak
Hit and Run,Julian Wass
Dredd,Alex Garland
Dredd,Paul Leonard-Morgan
Playing for Keeps,Gerard Butler
Playing for Keeps,Kevin Misher
Anna Karenina,Tim Bevan
Anna Karenina,Dario Marianelli
Beasts of the Southern Wild,Dan Romer
Beasts of the Southern Wild,Benh Zeitlin
Silent House,Laura Lau
Cirque Du Soleil:Worlds Away,Andrew Adamson
Cirque Du Soleil:Worlds Away,James Cameron
People Like Us,Bobby Cohen
People Like Us,Alex Kurtzman
People Like Us,Roberto Orci
People Like Us,Clayton Townsend
People Like Us,A.R. Rahman
Gone,Sidney Kimmel
Gone,Gary Lucchesi
Gone,Tom Rosenberg
Gone,David Buckley
The Words,Bradley Cooper
The Words,Marcelo Zarvos
Fun Size,Steve Golin
Fun Size,Josh Schwartz
Bernie,John Sloss
Salmon Fishing in the Yemen,Dario Marianelli
Arbitrage,Justin Nappi
Arbitrage,Kevin Turen
Arbitrage,Cliff Martinez
Promised Land (2012),Jeff Skoll
Friends with Kids,Riza Aziz
Friends with Kids,Jon Hamm
Friends with Kids,Jake Kasdan
Friends with Kids,Joey McFarland
Friends with Kids,Mike Nichols
Friends with Kids,John Sloss
Friends with Kids,Marcelo Zarvos
Seeking a Friend for the End of the World,Steve Golin
Seeking a Friend for the End of the World,Joy Gorman
Seeking a Friend for the End of the World,Steven M. Rales
Seeking a Friend for the End of the World,Mark Roybal
Seeking a Friend for the End of the World,Jonathan Sadoff
Seeking a Friend for the End of the World,Rob Simonsen
Hyde Park on Hudson,Jeremy Sams
Hitchcock,Ali Bell
Hitchcock,Joe Medjuck
Hitchcock,Tom Pollock
Hitchcock,Danny Elfman
Chasing Mavericks,Gerard Butler
Chasing Mavericks,Curtis Hanson
Chasing Mavericks,Chad Fischer
Casa De Mi Padre,Will Ferrell
Casa De Mi Padre,Adam McKay
For Greater Glory,James Horner
Won't Back Down,Mark Johnson
Won't Back Down,Ron Schmidt
Won't Back Down,Tom Williams
Won't Back Down,Marcelo Zarvos
The Apparition,Alex Heineman
The Apparition,Todd Lincoln
The Apparition,Joel Silver
The Apparition,tomandandy
"Jeff, Who Lives at Home",Steven M. Rales
"Jeff, Who Lives at Home",Jason Reitman
Goon,Don Carmody
The Raid:Redemption,Gareth Evans
Safety Not Guaranteed,Derek Connolly
Safety Not Guaranteed,Jay Duplass
Safety Not Guaranteed,Mark Duplass
Safety Not Guaranteed,Colin Trevorrow
The Cold Light of Day,Mark Canton
The Cold Light of Day,Marc D. Evans
The Cold Light of Day,Trevor Macy
The Cold Light of Day,Lucas Vidal
Nitro Circus the Movie 3D,Bill Gerber
Albert Nobbs,Glenn Close
Girl in Progress,Christopher Lennertz
Ruby Sparks,Albert Berger
Ruby Sparks,Ron Yerxa
Ruby Sparks,Nick Urata
Rust and Bone,Alexandre Desplat
Footnote,Joseph Cedar
Your Sister's Sister,Mark Duplass
Woman Thou Art Loosed!:On the 7th Day,T.D. Jakes
Oogieloves In The BIG Balloon Adventure,Kenn Viselman
Damsels in Distress,Whit Stillman
Darling Companion,James Newton Howard
Cosmopolis,Howard Shore
Coriolanus,Ralph Fiennes
Coriolanus,John Logan
Coriolanus,Ilan Eshkeri
Not Fade Away,David Chase
Thunderstruck,Bill Johnson
Undefeated (2012),Michael Brook
Seeking Justice,Ram Bergman
Seeking Justice,James D. Stern
Sound of My Voice,Brit Marling
Piranha 3DD,Mark Canton
The Lady,Virginie Silla
Red Hook Summer,Spike Lee
West of Memphis,Peter Jackson
West of Memphis,Fran Walsh
Stolen (2012),Mark Isham
Middle of Nowhere (2012),Ava DuVernay
The House I Live In,Brad Pitt
The Awakening (2012),Daniel Pemberton
Touchback,Rob Cowan
Touchback,George Furla
10 Years,Marty Bowen
10 Years,Chad Fischer
Tim & Eric's Billion Dollar Movie,Chris Henchy
Battlefield America,Chris Stokes
Bel Ami,Rachel Portman
Butter,Michael De Luca
The Magic of Belle Isle,David Valdes
The Magic of Belle Isle,Marc Shaiman
Detachment,Greg Shapiro
Deadfall (2012),Marco Beltrami
Side By Side,Keanu Reeves
Surviving Progress,Martin Scorsese
Last Call at the Oasis,Jeff Skoll
Comic-Con Episode IV:A Fan's Hope,Stan Lee
Comic-Con Episode IV:A Fan's Hope,Morgan Spurlock
Comic-Con Episode IV:A Fan's Hope,Joss Whedon
Lay the Favorite,Randall Emmett
Lay the Favorite,George Furla
Jesus Henry Christ,Julia Roberts
The Color Wheel,Alex Ross Perry
A Little Bit of Heaven,Mike Witherill
Norwegian Wood,Jonny Greenwood
Virginia,Gus Van Sant
The Do-Deca-Pentathlon,Julian Wass
The Babymakers,Brian Kavanaugh-Jones
Brooklyn Brothers Beat the Best,Steven Saxton
Bringing Up Bobby,Famke Janssen
Bringing Up Bobby,Junkie XL
Brake,Brian Tyler
The Day I Saw Your Heart,Nathan Johnson
ATM,Paul Brooks
ATM,Peter Safran
ATM,David Buckley
Death of a Superhero,Anthony McCarten
Harry Potter and the Deathly Hallows Part 2,David Heyman
Harry Potter and the Deathly Hallows Part 2,Alexandre Desplat
Transformers:Dark of the Moon,Michael Bay
Transformers:Dark of the Moon,Ian Bryce
Transformers:Dark of the Moon,Tom DeSanto
Transformers:Dark of the Moon,Lorenzo di Bonaventura
Transformers:Dark of the Moon,Don Murphy
Transformers:Dark of the Moon,Steven Spielberg
Transformers:Dark of the Moon,Mark Vahradian
Transformers:Dark of the Moon,Steve Jablonsky
The Twilight Saga:Breaking Dawn Part 1,Marty Bowen
The Twilight Saga:Breaking Dawn Part 1,Wyck Godfrey
The Twilight Saga:Breaking Dawn Part 1,Stephenie Meyer
The Twilight Saga:Breaking Dawn Part 1,Karen Rosenfelt
The Twilight Saga:Breaking Dawn Part 1,Carter Burwell
The Hangover Part II,Scott Budnick
The Hangover Part II,Jon Jashni
The Hangover Part II,Todd Phillips
The Hangover Part II,J.C. Spink
The Hangover Part II,Thomas Tull
The Hangover Part II,Christophe Beck
Pirates of the Caribbean:On Stranger Tides,Jerry Bruckheimer
Pirates of the Caribbean:On Stranger Tides,John DeLuca
Pirates of the Caribbean:On Stranger Tides,Ted Elliott
Pirates of the Caribbean:On Stranger Tides,Terry Rossio
Pirates of the Caribbean:On Stranger Tides,Hans Zimmer
Fast Five,Vin Diesel
Fast Five,Neal H. Moritz
Fast Five,Brian Tyler
Mission:Impossible - Ghost Protocol,Jeffrey Chernov
Mission:Impossible - Ghost Protocol,David Ellison
Mission:Impossible - Ghost Protocol,Dana Goldberg
Mission:Impossible - Ghost Protocol,Paul Schwake
Mission:Impossible - Ghost Protocol,J.J. Abrams
Mission:Impossible - Ghost Protocol,Bryan Burk
Mission:Impossible - Ghost Protocol,Tom Cruise
Mission:Impossible - Ghost Protocol,Michael Giacchino
Cars 2,Michael Giacchino
Sherlock Holmes:A Game of Shadows,Susan Downey
Sherlock Holmes:A Game of Shadows,Gary Goetzman
Sherlock Holmes:A Game of Shadows,Dan Lin
Sherlock Holmes:A Game of Shadows,Joel Silver
Sherlock Holmes:A Game of Shadows,Hans Zimmer
Thor,Louis D'Esposito
Thor,Kevin Feige
Thor,Alan Fine
Thor,Stan Lee
Thor,David Maisel
Thor,Patricia Whitcher
Thor,Patrick Doyle
Rise of the Planet of the Apes,Peter Chernin
Rise of the Planet of the Apes,Dylan Clark
Rise of the Planet of the Apes,Thomas M. Hammel
Rise of the Planet of the Apes,Rick Jaffa
Rise of the Planet of the Apes,Amanda Silver
Rise of the Planet of the Apes,Patrick Doyle
Captain America:The First Avenger,Louis D'Esposito
Captain America:The First Avenger,Kevin Feige
Captain America:The First Avenger,Alan Fine
Captain America:The First Avenger,Nigel Gostelow
Captain America:The First Avenger,Joe Johnston
Captain America:The First Avenger,Stan Lee
Captain America:The First Avenger,David Maisel
Captain America:The First Avenger,Alan Silvestri
The Help,Chris Columbus
The Help,Brunson Green
The Help,Jeff Skoll
The Help,Tate Taylor
The Help,Thomas Newman
The Help,Thomas Newman
Bridesmaids,Judd Apatow
Bridesmaids,Barry Mendel
Bridesmaids,Clayton Townsend
Kung Fu Panda 2,John Powell
Kung Fu Panda 2,Hans Zimmer
Puss in Boots,Andrew Adamson
Puss in Boots,Guillermo del Toro
Puss in Boots,Henry Jackman
X-Men:First Class,Simon Kinberg
X-Men:First Class,Bryan Singer
X-Men:First Class,Henry Jackman
Rio,Bruce Anderson
Rio,John C. Donkin
Rio,John Powell
The Smurfs,Jordan Kerner
The Smurfs,Heitor Pereira
Alvin and the Chipmunks:Chipwrecked,Arnon Milchan
Alvin and the Chipmunks:Chipwrecked,Mark Mothersbaugh
Super 8,J.J. Abrams
Super 8,Bryan Burk
Super 8,Steven Spielberg
Super 8,Michael Giacchino
Rango,Tim Headington
Rango,Graham King
Rango,Gore Verbinski
Rango,Hans Zimmer
Horrible Bosses,Brett Ratner
Horrible Bosses,Jay Stern
Horrible Bosses,Christopher Lennertz
Green Lantern,Greg Berlanti
Green Lantern,James Newton Howard
Hop,Christopher Meledandri
Hop,Christopher Lennertz
Paranormal Activity 3,Jason Blum
Paranormal Activity 3,Akiva Goldsman
Paranormal Activity 3,Oren Peli
Paranormal Activity 3,Steven Schneider
Just Go With It,Jack Giarraputo
Just Go With It,Tim Herlihy
Just Go With It,Steve Koren
Just Go With It,Heather Parry
Just Go With It,Adam Sandler
Just Go With It,Rupert Gregson-Williams
The Girl with the Dragon Tattoo (2011),Cean Chaffin
The Girl with the Dragon Tattoo (2011),Ryan Kavanaugh
The Girl with the Dragon Tattoo (2011),Scott Rudin
The Girl with the Dragon Tattoo (2011),Steven Zaillian
The Girl with the Dragon Tattoo (2011),Trent Reznor
The Girl with the Dragon Tattoo (2011),Atticus Ross
Cowboys & Aliens,Bobby Cohen
Cowboys & Aliens,Brian Grazer
Cowboys & Aliens,Ron Howard
Cowboys & Aliens,Ryan Kavanaugh
Cowboys & Aliens,Alex Kurtzman
Cowboys & Aliens,Damon Lindelof
Cowboys & Aliens,Roberto Orci
Cowboys & Aliens,Scott Mitchell Rosenberg
Cowboys & Aliens,Steven Spielberg
Cowboys & Aliens,Denis L. Stewart
Cowboys & Aliens,Harry Gregson-Williams
Gnomeo and Juliet,Chris Bacon
Gnomeo and Juliet,James Newton Howard
The Green Hornet,Evan Goldberg
The Green Hornet,Michael Grillo
The Green Hornet,Neal H. Moritz
The Green Hornet,Seth Rogen
The Green Hornet,James Newton Howard
The Muppets,David Hoberman
The Muppets,Jason Segel
The Muppets,Nick Stoller
The Muppets,Christophe Beck
Real Steel,Shawn Levy
Real Steel,Don Murphy
Real Steel,Steven Spielberg
Real Steel,Robert Zemeckis
Real Steel,Danny Elfman
"Crazy, Stupid, Love.",Steve Carell
"Crazy, Stupid, Love.",Denise Di Novi
"Crazy, Stupid, Love.",Christophe Beck
"Crazy, Stupid, Love.",Nick Urata
Battle:Los Angeles,Jeffrey Chernov
Battle:Los Angeles,Neal H. Moritz
Battle:Los Angeles,Brian Tyler
Immortals,Mark Canton
Immortals,Ryan Kavanaugh
Immortals,Gianni Nunnari
Immortals,Tucker Tooley
Immortals,Trevor Morris
The Descendants,Alexander Payne
Zookeeper,Todd Garner
Zookeeper,Jack Giarraputo
War Horse,Steven Spielberg
War Horse,John Williams
Limitless,Leslie Dixon
Limitless,Ryan Kavanaugh
Limitless,Tucker Tooley
Limitless,Paul Leonard-Morgan
Tower Heist,Christophe Beck
The Adventures of Tintin,Peter Jackson
The Adventures of Tintin,Kathleen Kennedy
The Adventures of Tintin,Steven Spielberg
The Adventures of Tintin,John Williams
Contagion,Gregory Jacobs
Contagion,Michael Shamberg
Contagion,Stacey Sher
Contagion,Jeff Skoll
Contagion,Steven Soderbergh
Contagion,Cliff Martinez
We Bought a Zoo,Julie Yorn
Moneyball,Michael De Luca
Moneyball,Brad Pitt
Moneyball,Scott Rudin
Moneyball,Mychael Danna
Jack and Jill,Todd Garner
Jack and Jill,Jack Giarraputo
Jack and Jill,Tim Herlihy
Jack and Jill,Steve Koren
Jack and Jill,Adam Sandler
Jack and Jill,Robert Smigel
Jack and Jill,Rupert Gregson-Williams
Hugo,Johnny Depp
Hugo,Tim Headington
Hugo,Graham King
Hugo,Martin Scorsese
Hugo,Howard Shore
Justin Bieber:Never Say Never,Scooter Braun
Justin Bieber:Never Say Never,Deborah Lurie
Dolphin Tale,Broderick Johnson
Dolphin Tale,Andrew A. Kosove
Dolphin Tale,Mark Isham
No Strings Attached,Gary Barber
No Strings Attached,Roger Birnbaum
No Strings Attached,Jonathan Glickman
No Strings Attached,Joe Medjuck
No Strings Attached,Tom Pollock
No Strings Attached,Natalie Portman
No Strings Attached,Ivan Reitman
No Strings Attached,John Debney
Mr. Popper's Penguins,John Davis
Happy Feet Two,George Miller
Happy Feet Two,John Powell
Unknown,Susan Downey
Unknown,Joel Silver
Unknown,John Ottman
The Adjustment Bureau,Chris Moore
The Adjustment Bureau,George Nolfi
The Adjustment Bureau,Thomas Newman
Water for Elephants,Erwin Stoff
Water for Elephants,James Newton Howard
The Lincoln Lawyer,Sidney Kimmel
The Lincoln Lawyer,Gary Lucchesi
The Lincoln Lawyer,Tom Rosenberg
The Lincoln Lawyer,Richard Wright
The Lincoln Lawyer,Cliff Martinez
Friends with Benefits,Will Gluck
I Am Number Four,Michael Bay
I Am Number Four,Chris Bender
I Am Number Four,J.C. Spink
I Am Number Four,David Valdes
I Am Number Four,Trevor Rabin
Source Code,Mark Gordon
Source Code,Chris Bacon
New Year's Eve,John Debney
Insidious,Jason Blum
Insidious,Brian Kavanaugh-Jones
Insidious,Oren Peli
Insidious,Steven Schneider
Insidious,Joseph Bishara
Tyler Perry's Madea's Big Happy Family,Ozzie Areu
Tyler Perry's Madea's Big Happy Family,Aaron Zigman
Diary of a Wimpy Kid:Rodrick Rules,Nina Jacobson
Diary of a Wimpy Kid:Rodrick Rules,Ed Shearmur
Footloose (2011),Gary Barber
Footloose (2011),Roger Birnbaum
Footloose (2011),Jonathan Glickman
Footloose (2011),Neil Meron
Footloose (2011),Craig Zadan
Footloose (2011),Deborah Lurie
The Dilemma,Brian Grazer
The Dilemma,Ron Howard
The Dilemma,Vince Vaughn
The Dilemma,Hans Zimmer
Arthur Christmas,Peter Lord
Hall Pass,The Farrelly Bros.
Hall Pass,Bradley Thomas
Hall Pass,Charles B. Wessler
The Artist,Ludovic Bource
Soul Surfer,Sean McNamara
Soul Surfer,David Zelon
Soul Surfer,Marco Beltrami
Final Destination 5,Brian Tyler
The Ides of March,George Clooney
The Ides of March,Leonardo DiCaprio
The Ides of March,Grant Heslov
Hanna,The Chemical Brothers
Something Borrowed,Broderick Johnson
Something Borrowed,Andrew A. Kosove
Something Borrowed,Molly Smith
Something Borrowed,Hilary Swank
Something Borrowed,Alex Wurman
Spy Kids:All the Time in the World,Robert Rodriguez
Spy Kids:All the Time in the World,Robert Rodriguez
Spy Kids:All the Time in the World,Carl Thiel
Scream 4,Wes Craven
Scream 4,Ehren Kruger
Scream 4,Ron Schmidt
Scream 4,Marco Beltrami
"Big Mommas:Like Father, Like Son",Arnon Milchan
Red Riding Hood,Leonardo DiCaprio
Red Riding Hood,Catherine Hardwicke
Red Riding Hood,Julie Yorn
Red Riding Hood,Alex Heffes
Red Riding Hood,Brian Reitzell
In Time,Marc Abraham
In Time,Arnon Milchan
In Time,Eric Newman
In Time,Andrew Niccol
In Time,Craig Armstrong
Paul,Tim Bevan
Paul,Eric Fellner
Paul,David Arnold
J. Edgar,Clint Eastwood
J. Edgar,Brian Grazer
J. Edgar,Ron Howard
J. Edgar,Robert Lorenz
J. Edgar,Tim Moore
The Roommate,Doug Davison
The Roommate,Roy Lee
The Roommate,Sonny Mallhi
The Roommate,John Frizzell
Jumping the Broom,Elizabeth Hunter
Jumping the Broom,T.D. Jakes
Jumping the Broom,Ed Shearmur
The Change-Up,David Dobkin
The Change-Up,Neal H. Moritz
The Change-Up,John Debney
30 Minutes or Less,Ben Stiller
30 Minutes or Less,Nathan Barr
30 Minutes or Less,Ludwig Goransson
Colombiana,Luc Besson
Sucker Punch,Jon Jashni
Sucker Punch,Deborah Snyder
Sucker Punch,Zack Snyder
Sucker Punch,Thomas Tull
Sucker Punch,Tyler Bates
Larry Crowne,Gary Goetzman
Larry Crowne,Tom Hanks
Larry Crowne,James Newton Howard
A Very Harold & Kumar 3D Christmas,Greg Shapiro
A Very Harold & Kumar 3D Christmas,William Ross
Drive (2011),Marc Platt
Drive (2011),Gigi Pritzker
Drive (2011),Peter Schlessel
Drive (2011),Cliff Martinez
50/50,Evan Goldberg
50/50,Will Reiser
50/50,Seth Rogen
50/50,Michael Giacchino
Courageous,Stephen Kendrick
The Rite,Beau Flynn
The Rite,Tripp Vinson
The Rite,Alex Heffes
Arthur (2011),Chris Bender
Arthur (2011),Russell Brand
Arthur (2011),Kevin McCormick
Arthur (2011),J.C. Spink
Arthur (2011),Michael Tadross
Arthur (2011),Theodore Shapiro
Extremely Loud & Incredibly Close,Mark Roybal
Extremely Loud & Incredibly Close,Scott Rudin
Extremely Loud & Incredibly Close,Alexandre Desplat
The Debt,Matthew Vaughn
The Debt,Thomas Newman
The Sitter,Michael De Luca
The Sitter,Jonah Hill
The Sitter,Jeff McIlwain
The Iron Lady,Thomas Newman
Priest,Michael De Luca
Priest,Christopher Young
The Mechanic,Irwin Winkler
The Mechanic,Mark Isham
Abduction,Patrick Crowley
Abduction,Doug Davison
Abduction,Roy Lee
Abduction,Ed Shearmur
Beastly,Susan Cartsonis
Beastly,Marcelo Zarvos
Winnie the Pooh,John Lasseter
Winnie the Pooh,Henry Jackman
Born to Be Wild (IMAX),Mark Mothersbaugh
Season of the Witch,Ryan Kavanaugh
Season of the Witch,Tucker Tooley
Season of the Witch,Atli Orvarsson
"Tinker, Tailor, Soldier, Spy",Tim Bevan
"Tinker, Tailor, Soldier, Spy",Eric Fellner
"Tinker, Tailor, Soldier, Spy",Peter Morgan
"Tinker, Tailor, Soldier, Spy",Alberto Iglesias
Don't Be Afraid of the Dark,Guillermo del Toro
Don't Be Afraid of the Dark,Mark Johnson
Don't Be Afraid of the Dark,Stephen Jones
Don't Be Afraid of the Dark,Tom Williams
Don't Be Afraid of the Dark,Marco Beltrami
Sanctum,James Cameron
Sanctum,Ryan Kavanaugh
Sanctum,David Hirschfelder
Monte Carlo,Denise Di Novi
Monte Carlo,Alison Greenspan
Monte Carlo,Nicole Kidman
Monte Carlo,Arnon Milchan
Monte Carlo,Michael Giacchino
Your Highness,Danny McBride
Your Highness,Scott Stuber
Your Highness,Steve Jablonsky
The Darkest Hour,Timur Bekmambetov
The Darkest Hour,Arnon Milchan
The Darkest Hour,Hutch Parker
The Darkest Hour,Tyler Bates
Mars Needs Moms,Robert Zemeckis
Mars Needs Moms,John Powell
Dream House,Mike Drake
Dream House,Ehren Kruger
Dream House,James G. Robinson
Dream House,John Debney
Conan the Barbarian (2011),Randall Emmett
Conan the Barbarian (2011),George Furla
Conan the Barbarian (2011),Tyler Bates
The Three Musketeers (2011),Paul W.S. Anderson
The Three Musketeers (2011),Jeremy Bolt
The Three Musketeers (2011),Robert Kulzer
The Three Musketeers (2011),Paul Haslinger
The Eagle,Atli Orvarsson
Fright Night (2011),Michael De Luca
Fright Night (2011),Ramin Djawadi
Apollo 18,Timur Bekmambetov
Apollo 18,Ron Schmidt
The Thing (2011),Marc Abraham
The Thing (2011),J. Miles Dale
The Thing (2011),Eric Newman
The Thing (2011),Marco Beltrami
Young Adult,Diablo Cody
Young Adult,John Malkovich
Young Adult,Mason Novick
Young Adult,Steven M. Rales
Young Adult,Jason Reitman
Young Adult,Charlize Theron
Young Adult,Rolfe Kent
African Cats,Don Hahn
What's Your Number?,Anna Faris
What's Your Number?,Beau Flynn
What's Your Number?,Arnon Milchan
What's Your Number?,Tripp Vinson
What's Your Number?,Aaron Zigman
One Day,Nina Jacobson
One Day,Rachel Portman
Warrior,Mark Isham
The Tree of Life,Dede Gardner
The Tree of Life,Brad Pitt
The Rum Diary,Johnny Depp
The Rum Diary,Tim Headington
The Rum Diary,Graham King
The Rum Diary,Greg Shapiro
The Conspirator,Greg Shapiro
The Conspirator,Mark Isham
Jane Eyre,Dario Marianelli
Drive Angry,Michael De Luca
Drive Angry,Michael Wandmacher
Win Win,Lyle Workman
Prom,Deborah Lurie
I Don't Know How She Does It,Aaron Zigman
Johnny English Reborn,Tim Bevan
Johnny English Reborn,Eric Fellner
Johnny English Reborn,Ilan Eshkeri
Kevin Hart:Laugh at My Pain,Kevin Hart
The Big Year,Curtis Hanson
The Big Year,Karen Rosenfelt
The Big Year,Ben Stiller
The Big Year,Theodore Shapiro
Take Me Home Tonight,Topher Grace
Cedar Rapids,Alexander Payne
Cedar Rapids,Christophe Beck
Beginners,Brian Reitzell
A Dangerous Method,Howard Shore
Anonymous,Roland Emmerich
Anonymous,Larry J. Franco
Anonymous,John Orloff
Anonymous,Harald Kloser
Anonymous,Thomas Wander
The Company Men,John Wells
The Company Men,Aaron Zigman
The Way,John Sloss
Shame,Iain Canning
Like Crazy,Steven M. Rales
Like Crazy,Mark Roybal
The Skin I Live In,Pedro Almodovar
The Skin I Live In,Alberto Iglesias
From Prada to Nada,Gigi Pritzker
Everything Must Go,Marty Bowen
Everything Must Go,Wyck Godfrey
The Way Back,Scott Rudin
The Way Back,Peter Weir
Bucky Larson:Born to Be a Star,Jack Giarraputo
Bucky Larson:Born to Be a Star,Adam Sandler
Bucky Larson:Born to Be a Star,Nick Swardson
The Grace Card,Howard Klausner
The Mighty Macs,William Ross
We Need to Talk About Kevin,Jennifer Fox
We Need to Talk About Kevin,Lynne Ramsay
We Need to Talk About Kevin,Jonny Greenwood
Take Shelter,Brian Kavanaugh-Jones
Senna,Tim Bevan
Senna,Eric Fellner
Saving Private Perez,Mark Mothersbaugh
Snow Flower and the Secret Fan,Rachel Portman
Another Earth,Mike Cahill
Another Earth,Brit Marling
Kill the Irishman,Arthur M. Sarkissian
Dylan Dog:Dead of Night,Patrick Aiello
Dylan Dog:Dead of Night,Kevin Munroe
Dylan Dog:Dead of Night,Scott Mitchell Rosenberg
The Whistleblower,Mychael Danna
Red State,Jason Clark
Attack the Block,Edgar Wright
Attack the Block,Steven Price
The Beaver,Steve Golin
The Beaver,Jeff Skoll
The Beaver,Marcelo Zarvos
POM Wonderful Presents:The Greatest Movie Ever Sold,Keith Calder
POM Wonderful Presents:The Greatest Movie Ever Sold,Morgan Spurlock
The Last Lions,Alex Wurman
Even the Rain,Alberto Iglesias
Hesher,Natalie Portman
Hesher,Spencer Susser
Miral,Jon Kilik
The First Grader,Alex Heffes
Super,Ted Hope
Super,Tyler Bates
In the Land of Blood and Honey,Graham King
In the Land of Blood and Honey,Tim Moore
Conan O'Brien Can't Stop,Gavin Polone
The Music Never Stopped,Neal H. Moritz
Life in a Day,Ridley Scott
Life in a Day,Tony Scott
Life in a Day,Harry Gregson-Williams
A Good Old Fashioned Orgy,Ram Bergman
A Good Old Fashioned Orgy,James D. Stern
A Good Old Fashioned Orgy,Jonathan Sadoff
October Baby,Andrew Erwin
October Baby,Jon Erwin
Restless (2011),Ron Howard
Restless (2011),Gus Van Sant
Restless (2011),Danny Elfman
Oranges and Sunshine,Iain Canning
The Double,Patrick Aiello
The Double,John Debney
I Will Follow,Ava DuVernay
Trust (2011),David Schwimmer
Kaboom,Gregg Araki
Henry's Crime,Sacha Gervasi
Henry's Crime,Keanu Reeves
Elite Squad:The Enemy Within,Jose Padilha
Last Night,Nick Wechsler
Last Night,Clint Mansell
Beautiful Boy,Trevor Morris
Margaret,Anthony Minghella
Margaret,Sydney Pollack
Margaret,Scott Rudin
Small Town Murder Songs,Ed Gass-Donnelly
White Irish Drinkers,John Gray
The Son of No One,Joy Gorman
Cat Run,Ram Bergman
Cracks,Tony Scott
Cracks,Javier Navarette
Waiting for Forever,James Keach
Waiting for Forever,Nick Urata
The Other Woman,Marc Platt
The Other Woman,Natalie Portman
Trespass (2011),Irwin Winkler
Trespass (2011),David Buckley
Vanishing on 7th Street,Lucas Vidal
Ceremony,Polly Johnsen
Make Believe,Lucas Vidal
London Boulevard,William Monahan
Anchor Baby,Lonzo Nzekwe
I'm Not Jesus Mommy,Joseph Schneider
Peep World,Keith Calder
Leap Year (2011),Gary Barber
Frankie & Alice,Andrew Lockington
The Ledge,Steven Saxton
The Ledge,Nathan Barr
Wrecked,Michael Brook
I Melt With You,Rob Cowan
I Melt With You,tomandandy
Flypaper,Peter Safran
Burke and Hare,Joby Talbot
Passion Play,Megan Ellison
Main Street,Megan Ellison
Toy Story 3,Darla K. Anderson
Toy Story 3,John Lasseter
Toy Story 3,Randy Newman
Alice in Wonderland (2010),Joe Roth
Alice in Wonderland (2010),Danny Elfman
Iron Man 2,Louis D'Esposito
Iron Man 2,Susan Downey
Iron Man 2,Jon Favreau
Iron Man 2,Kevin Feige
Iron Man 2,Alan Fine
Iron Man 2,Stan Lee
Iron Man 2,David Maisel
Iron Man 2,Denis L. Stewart
Iron Man 2,John Debney
The Twilight Saga:Eclipse,Marty Bowen
The Twilight Saga:Eclipse,Wyck Godfrey
The Twilight Saga:Eclipse,Karen Rosenfelt
The Twilight Saga:Eclipse,Howard Shore
Harry Potter and the Deathly Hallows Part 1,Alexandre Desplat
Inception,Christopher Nolan
Inception,Emma Thomas
Inception,Thomas Tull
Inception,Hans Zimmer
Despicable Me,Janet Healy
Despicable Me,Christopher Meledandri
Despicable Me,Heitor Pereira
Shrek Forever After,Harry Gregson-Williams
How to Train Your Dragon,Kristine Belson
How to Train Your Dragon,Tim Johnson
How to Train Your Dragon,John Powell
Tangled,John Lasseter
Tangled,Alan Menken
The Karate Kid,James Lassiter
The Karate Kid,Will Smith
The Karate Kid,James Horner
Tron Legacy,Sean Bailey
Tron Legacy,Steven Lisberger
Tron Legacy,Jeffrey Silver
True Grit,Ethan Coen
True Grit,Joel Coen
True Grit,David Ellison
True Grit,Megan Ellison
True Grit,Scott Rudin
True Grit,Paul Schwake
True Grit,Steven Spielberg
True Grit,Carter Burwell
Clash of the Titans (2010),Jon Jashni
Clash of the Titans (2010),Thomas Tull
Clash of the Titans (2010),Ramin Djawadi
Grown Ups,Jack Giarraputo
Grown Ups,Tim Herlihy
Grown Ups,Steve Koren
Grown Ups,Adam Sandler
Little Fockers,Ryan Kavanaugh
Little Fockers,Daniel Lupi
Little Fockers,Stephen Trask
Megamind,Lara Breay
Megamind,Denise Nolan Cascino
Megamind,Ben Stiller
Megamind,Hans Zimmer
The King's Speech,Iain Canning
The King's Speech,Geoffrey Rush
The King's Speech,Gareth Unwin
The King's Speech,Alexandre Desplat
The Last Airbender,Scott Aversano
The Last Airbender,Sam Mercer
The Last Airbender,M. Night Shyamalan
The Last Airbender,Frank Marshall
The Last Airbender,Kathleen Kennedy
The Last Airbender,James Newton Howard
Shutter Island,Brad Fischer
Shutter Island,Laeta Kalogridis
Shutter Island,Dennis Lehane
Shutter Island,Gianni Nunnari
Shutter Island,Martin Scorsese
The Other Guys,Patrick Crowley
The Other Guys,Chris Henchy
The Other Guys,Adam McKay
Salt,Lorenzo di Bonaventura
Salt,Mark Vahradian
Salt,James Newton Howard
Jackass 3-D,Spike Jonze
Jackass 3-D,Jeff Tremaine
Valentine's Day,John Debney
Black Swan,Brad Fischer
Black Swan,Ari Handel
Black Swan,Clint Mansell
Robin Hood,Brian Grazer
Robin Hood,Ryan Kavanaugh
Robin Hood,Ridley Scott
Robin Hood,Marc Streitenfeld
The Chronicles of Narnia:The Voyage of the Dawn Treader,Andrew Adamson
The Chronicles of Narnia:The Voyage of the Dawn Treader,Mark Johnson
The Chronicles of Narnia:The Voyage of the Dawn Treader,David Arnold
The Expendables,Brian Tyler
Due Date,Scott Budnick
Due Date,Susan Downey
Due Date,Todd Phillips
Due Date,Thomas Tull
Due Date,Christophe Beck
Yogi Bear,Karen Rosenfelt
Date Night,Christophe Beck
The Social Network,Dana Brunetti
The Social Network,Michael De Luca
The Social Network,Scott Rudin
The Social Network,Trent Reznor
The Social Network,Atticus Ross
Sex and the City 2,Michael Patrick King
Sex and the City 2,Aaron Zigman
The Book of Eli,Susan Downey
The Book of Eli,Broderick Johnson
The Book of Eli,Andrew A. Kosove
The Book of Eli,Joel Silver
The Book of Eli,David Valdes
The Book of Eli,Atticus Ross
The Fighter,David Hoberman
The Fighter,Ryan Kavanaugh
The Fighter,Tucker Tooley
The Fighter,Mark Wahlberg
The Fighter,Michael Brook
The Town,Jon Jashni
The Town,Graham King
The Town,Thomas Tull
The Town,David Buckley
The Town,Harry Gregson-Williams
Prince of Persia:The Sands of Time,Jerry Bruckheimer
Prince of Persia:The Sands of Time,Harry Gregson-Williams
Red,Lorenzo di Bonaventura
Red,Mark Vahradian
Red,Christophe Beck
Percy Jackson & The Olympians:The Lightning Thief,Chris Columbus
Percy Jackson & The Olympians:The Lightning Thief,Thomas M. Hammel
Percy Jackson & The Olympians:The Lightning Thief,Karen Rosenfelt
Percy Jackson & The Olympians:The Lightning Thief,Christophe Beck
Paranormal Activity 2,Jason Blum
Paranormal Activity 2,Akiva Goldsman
Paranormal Activity 2,Oren Peli
Paranormal Activity 2,Steven Schneider
Unstoppable,Tony Scott
Unstoppable,Julie Yorn
Unstoppable,Alex Young
Unstoppable,Harry Gregson-Williams
Eat Pray Love,Dede Gardner
Eat Pray Love,Jeremy Kleiner
Eat Pray Love,Brad Pitt
Eat Pray Love,Dario Marianelli
Dear John,Marty Bowen
Dear John,Wyck Godfrey
Dear John,Ryan Kavanaugh
Dear John,Tucker Tooley
Dear John,Deborah Lurie
The A-Team,Ridley Scott
The A-Team,Tony Scott
The A-Team,Alex Young
The A-Team,Alan Silvestri
Knight & Day,Todd Garner
Knight & Day,Arnon Milchan
Knight & Day,Steve Pink
Knight & Day,Joe Roth
Knight & Day,John Powell
Dinner for Schmucks,Gary Barber
Dinner for Schmucks,Roger Birnbaum
Dinner for Schmucks,Sacha Baron Cohen
Dinner for Schmucks,Theodore Shapiro
The Tourist,Gary Barber
The Tourist,Roger Birnbaum
The Tourist,Jonathan Glickman
The Tourist,Tim Headington
The Tourist,Graham King
The Tourist,James Newton Howard
The Bounty Hunter,Ryan Kavanaugh
The Bounty Hunter,Neal H. Moritz
The Bounty Hunter,George Fenton
Diary of a Wimpy Kid,Nina Jacobson
Diary of a Wimpy Kid,Theodore Shapiro
The Sorcerer's Apprentice,Jerry Bruckheimer
The Sorcerer's Apprentice,Nicolas Cage
The Sorcerer's Apprentice,Todd Garner
The Sorcerer's Apprentice,Trevor Rabin
A Nightmare on Elm Street (2010),Michael Bay
A Nightmare on Elm Street (2010),Mike Drake
A Nightmare on Elm Street (2010),Andrew Form
A Nightmare on Elm Street (2010),Brad Fuller
A Nightmare on Elm Street (2010),Steve Jablonsky
The Last Song,Jennifer Gibgot
The Last Song,Aaron Zigman
The Wolfman,Ryan Kavanaugh
The Wolfman,Scott Stuber
The Wolfman,Danny Elfman
Get Him to the Greek,Judd Apatow
Get Him to the Greek,Rodney Rothman
Get Him to the Greek,Jason Segel
Get Him to the Greek,Lyle Workman
Resident Evil:Afterlife,Paul W.S. Anderson
Resident Evil:Afterlife,Jeremy Bolt
Resident Evil:Afterlife,Don Carmody
Resident Evil:Afterlife,Robert Kulzer
Resident Evil:Afterlife,tomandandy
Tyler Perry's Why Did I Get Married Too?,Tyler Perry
Tooth Fairy,Jason Blum
Secretariat,Bill Johnson
Secretariat,Nick Glennie-Smith
Easy A,Will Gluck
Takers,Chris Brown
Takers,Morris Chestnut
Takers,Will Packer
Takers,Paul Haslinger
Legend of the Guardians:The Owls of Ga'Hoole,Deborah Snyder
Legend of the Guardians:The Owls of Ga'Hoole,David Hirschfelder
Life as We Know It,Joe Hartwick Jr.
Life as We Know It,Scott Niemeyer
Letters to Juliet,Mark Canton
Letters to Juliet,Ron Schmidt
Wall Street:Money Never Sleeps,Alex Young
Wall Street:Money Never Sleeps,Craig Armstrong
Predators,John Davis
Predators,Robert Rodriguez
Predators,Alex Young
Predators,John Debney
Hot Tub Time Machine,Christophe Beck
Kick-Ass,Jeremy Kleiner
Kick-Ass,Mark Millar
Kick-Ass,Brad Pitt
Kick-Ass,Matthew Vaughn
Kick-Ass,Ilan Eshkeri
Kick-Ass,Henry Jackman
Killers,Scott Aversano
Killers,Rolfe Kent
Saw 3D,James Wan
Saw 3D,Leigh Whannell
Cop Out,Polly Johnsen
Cop Out,Marc Platt
Cop Out,Michael Tadross
Cats & Dogs:The Revenge of Kitty Galore,Polly Johnsen
Cats & Dogs:The Revenge of Kitty Galore,Andrew Lazar
Cats & Dogs:The Revenge of Kitty Galore,Christopher Lennertz
Edge of Darkness,Tim Headington
Edge of Darkness,Graham King
Edge of Darkness,Howard Shore
Gulliver's Travels,Jack Black
Gulliver's Travels,John Davis
Gulliver's Travels,Henry Jackman
Death at a Funeral (2010),Sidney Kimmel
Death at a Funeral (2010),Christophe Beck
Step Up 3-D,Jennifer Gibgot
The Last Exorcism,Marc Abraham
The Last Exorcism,Eric Newman
The Last Exorcism,Eli Roth
The Last Exorcism,Nathan Barr
Legion (2010),Scott Charles Stewart
Legion (2010),John Frizzell
Burlesque,Christophe Beck
The Crazies,Rob Cowan
The Crazies,Jeff Skoll
The Crazies,Mark Isham
For Colored Girls,Paul Hall
For Colored Girls,Tyler Perry
For Colored Girls,Aaron Zigman
The Back-Up Plan,Todd Black
The Back-Up Plan,David Bloomfield
The Back-Up Plan,Jason Blumenthal
The Back-Up Plan,Steve Tisch
The Back-Up Plan,Stephen Trask
Vampires Suck,Arnon Milchan
Vampires Suck,Peter Safran
Vampires Suck,Christopher Lennertz
The American,Grant Heslov
Green Zone,Tim Bevan
Green Zone,Eric Fellner
Green Zone,John Powell
Marmaduke,John Davis
Marmaduke,Tom Dey
Marmaduke,Arnon Milchan
Marmaduke,Christopher Lennertz
Devil,Drew Dowdle
Devil,John Erick Dowdle
Devil,Sam Mercer
Devil,M. Night Shyamalan
Hereafter,Robert Lorenz
Hereafter,Tim Moore
Hereafter,Peter Morgan
Hereafter,Steven Spielberg
When in Rome,Andrew Panay
When in Rome,Christopher Young
Love and Other Drugs,Pieter Jan Brugge
Love and Other Drugs,Arnon Milchan
Love and Other Drugs,Scott Stuber
Love and Other Drugs,Edward Zwick
Love and Other Drugs,James Newton Howard
She's Out of My League,George Gatins
Scott Pilgrim vs. the World,J. Miles Dale
Scott Pilgrim vs. the World,Marc Platt
Charlie St. Cloud,Marc Platt
Charlie St. Cloud,Rolfe Kent
Morning Glory,J.J. Abrams
Morning Glory,Bryan Burk
Morning Glory,David Arnold
How Do You Know,Laurence Mark
How Do You Know,Hans Zimmer
Nanny McPhee Returns,Tim Bevan
Nanny McPhee Returns,Eric Fellner
Nanny McPhee Returns,James Newton Howard
The Switch,Jennifer Aniston
The Switch,Albert Berger
The Switch,Allan Loeb
The Switch,Ron Yerxa
The Switch,Alex Wurman
Brooklyn's Finest,Marcelo Zarvos
Machete,Robert Rodriguez
Machete,Carl Thiel
Ramona and Beezus,Alison Greenspan
Ramona and Beezus,Mark Mothersbaugh
Leap Year,Chris Bender
Leap Year,Roger Birnbaum
Leap Year,Jonathan Glickman
Leap Year,J.C. Spink
Leap Year,Randy Edelman
You Again,Andy Fickman
Alpha and Omega,Chris Bacon
Piranha 3D,Mark Canton
Piranha 3D,Ryan Kavanaugh
Piranha 3D,Gregory Levasseur
Piranha 3D,Michael Wandmacher
Lottery Ticket,Matt Alvarez
Lottery Ticket,Ice Cube
Lottery Ticket,Broderick Johnson
Lottery Ticket,Andrew A. Kosove
The Spy Next Door,Ryan Kavanaugh
The Spy Next Door,Robert Simonds
The Spy Next Door,Tucker Tooley
From Paris with Love,Luc Besson
From Paris with Love,Virginie Silla
From Paris with Love,David Buckley
The Losers,Akiva Goldsman
The Losers,Joel Silver
The Losers,John Ottman
Skyline,Ryan Kavanaugh
Skyline,Brian Kavanaugh-Jones
Skyline,Brett Ratner
Skyline,Greg Strause
Skyline,Tucker Tooley
The Next Three Days,Paul Haggis
The Next Three Days,Danny Elfman
The Kids Are All Right,Steven Saxton
The Kids Are All Right,Carter Burwell
Country Strong,Michael Brook
Oceans,Don Hahn
Remember Me,Marcelo Zarvos
127 Hours,Danny Boyle
127 Hours,A.R. Rahman
Going the Distance,Jennifer Gibgot
Going the Distance,Adam Shankman
Going the Distance,Mychael Danna
Furry Vengeance,Robert Simonds
Furry Vengeance,Ed Shearmur
Splice,Guillermo del Toro
Splice,Don Murphy
The Ghost Writer,Roman Polanski
The Ghost Writer,Alexandre Desplat
My Soul to Take,Ryan Kavanaugh
My Soul to Take,Tucker Tooley
My Soul to Take,Marco Beltrami
Repo Men,Mike Drake
Repo Men,Scott Stuber
Repo Men,Marco Beltrami
Case 39,Steve Golin
Case 39,Kevin Misher
Let Me In,Michael Giacchino
Extraordinary Measures,Michael Shamberg
Extraordinary Measures,Stacey Sher
Jonah Hex,Akiva Goldsman
Jonah Hex,Jon Jashni
Jonah Hex,Andrew Lazar
Jonah Hex,Thomas Tull
Jonah Hex,Marco Beltrami
Blue Valentine,Ryan Gosling
Blue Valentine,Michelle Williams
Fair Game (2010),Jez Butterworth
Fair Game (2010),Akiva Goldsman
MacGruber,Ryan Kavanaugh
MacGruber,Lorne Michaels
MacGruber,Akiva Schaffer
MacGruber,Tucker Tooley
Cyrus,Ridley Scott
Cyrus,Tony Scott
Conviction,Hilary Swank
"Waiting for""Superman""",Jeff Skoll
It's Kind of a Funny Story,Kevin Misher
The Warrior's Way,Javier Navarette
Solitary Man,Steven Soderbergh
Inside Job,Charles Ferguson
Greenberg,Scott Rudin
Greenberg,James Murphy
Please Give,Marcelo Zarvos
To Save a Life,Christopher Lennertz
Catfish,Andrew Jarecki
Catfish,Henry Joost
Catfish,Ryan Kavanaugh
Catfish,Ariel Schulman
Catfish,Tucker Tooley
Catfish,Mark Mothersbaugh
Chloe,Joe Medjuck
Chloe,Tom Pollock
Chloe,Jason Reitman
Chloe,Mychael Danna
Never Let Me Go,Alex Garland
Never Let Me Go,Mark Romanek
Never Let Me Go,Rachel Portman
Rabbit Hole,Nicole Kidman
Rabbit Hole,Gigi Pritzker
"I Love You, Phillip Morris",Andrew Lazar
"I Love You, Phillip Morris",Nick Urata
Harry Brown,Matthew Vaughn
Somewhere,Roman Coppola
Flipped,Marc Shaiman
The Joneses,Nick Urata
Mother and Child,Guillermo del Toro
Mother and Child,Ed Shearmur
Buried,Peter Safran
Casino Jack,Dana Brunetti
Casino Jack,George Zakk
Middle Men,Brian Tyler
The Virginity Hit,Will Ferrell
The Virginity Hit,Chris Henchy
The Virginity Hit,Adam McKay
Agora,Dario Marianelli
Howl,Gus Van Sant
All Good Things,Bruna Papandrea
All Good Things,Rob Simonsen
Jack Goes Boating,Philip Seymour Hoffman
I'm Still Here,Casey Affleck
Creation,Christopher Young
The Tempest,Julie Taymor
The Tempest,Elliot Goldenthal
Countdown to Zero,Lawrence Bender
Countdown to Zero,Jeff Skoll
Twelve,Harry Gregson-Williams
Casino Jack and the United States of Money,Jeff Skoll
Welcome to the Rileys,Ridley Scott
Welcome to the Rileys,Tony Scott
Welcome to the Rileys,Marc Streitenfeld
Love Ranch,Taylor Hackford
Love Ranch,Chris Bacon
Centurion,Ilan Eshkeri
The Greatest (2010),Christophe Beck
After.Life,Paul Haslinger
Freakonomics,Michael Wandmacher
The Good Guy,tomandandy
OSS 117:Lost in Rio,Ludovic Bource
Waking Sleeping Beauty,Don Hahn
Waking Sleeping Beauty,Chris Bacon
Leaves of Grass,Stuart Blumberg
44 Inch Chest,Steve Golin
Guy and Madeline on a Park Bench,Damien Chazelle
Spoken Word,Michael Brook
In My Sleep,Ralph Winter
Red Hill,Patrick Hughes
The Freebie,Mark Duplass
The Freebie,Julian Wass
Stolen (2010),Trevor Morris
Heartless,David Julyan
Perrier's Bounty,David Holmes
Shake Hands with the Devil,David Hirschfelder
